DATE_KEY,FULL_DATE,YEAR,MONTH,MONTH_NAME,WEEK_IN_MONTH,DAY,DAY_OF_WEEK,TRIMESTER,NATIONAL_HOLIDAY_INDICATOR,WEEKDAY_INDICATOR
1,2016-01-01,2016,1,January,1,1,Friday,Q1,Holiday,Weekday
2,2016-01-02,2016,1,January,1,2,Saturday,Q1,Non-Holiday,Weekend
3,2016-01-03,2016,1,January,1,3,Sunday,Q1,Non-Holiday,Weekend
4,2016-01-04,2016,1,January,1,4,Monday,Q1,Non-Holiday,Weekday
5,2016-01-05,2016,1,January,1,5,Tuesday,Q1,Non-Holiday,Weekday
6,2016-01-06,2016,1,January,1,6,Wednesday,Q1,Non-Holiday,Weekday
7,2016-01-07,2016,1,January,1,7,Thursday,Q1,Non-Holiday,Weekday
8,2016-01-08,2016,1,January,2,8,Friday,Q1,Non-Holiday,Weekday
9,2016-01-09,2016,1,January,2,9,Saturday,Q1,Non-Holiday,Weekend
10,2016-01-10,2016,1,January,2,10,Sunday,Q1,Non-Holiday,Weekend
11,2016-01-11,2016,1,January,2,11,Monday,Q1,Non-Holiday,Weekday
12,2016-01-12,2016,1,January,2,12,Tuesday,Q1,Non-Holiday,Weekday
13,2016-01-13,2016,1,January,2,13,Wednesday,Q1,Non-Holiday,Weekday
14,2016-01-14,2016,1,January,2,14,Thursday,Q1,Non-Holiday,Weekday
15,2016-01-15,2016,1,January,2,15,Friday,Q1,Non-Holiday,Weekday
16,2016-01-16,2016,1,January,3,16,Saturday,Q1,Non-Holiday,Weekend
17,2016-01-17,2016,1,January,3,17,Sunday,Q1,Non-Holiday,Weekend
18,2016-01-18,2016,1,January,3,18,Monday,Q1,Non-Holiday,Weekday
19,2016-01-19,2016,1,January,3,19,Tuesday,Q1,Non-Holiday,Weekday
20,2016-01-20,2016,1,January,3,20,Wednesday,Q1,Non-Holiday,Weekday
21,2016-01-21,2016,1,January,3,21,Thursday,Q1,Non-Holiday,Weekday
22,2016-01-22,2016,1,January,3,22,Friday,Q1,Non-Holiday,Weekday
23,2016-01-23,2016,1,January,3,23,Saturday,Q1,Non-Holiday,Weekend
24,2016-01-24,2016,1,January,4,24,Sunday,Q1,Non-Holiday,Weekend
25,2016-01-25,2016,1,January,4,25,Monday,Q1,Non-Holiday,Weekday
26,2016-01-26,2016,1,January,4,26,Tuesday,Q1,Non-Holiday,Weekday
27,2016-01-27,2016,1,January,4,27,Wednesday,Q1,Non-Holiday,Weekday
28,2016-01-28,2016,1,January,4,28,Thursday,Q1,Non-Holiday,Weekday
29,2016-01-29,2016,1,January,4,29,Friday,Q1,Non-Holiday,Weekday
30,2016-01-30,2016,1,January,4,30,Saturday,Q1,Non-Holiday,Weekend
31,2016-01-31,2016,1,January,4,31,Sunday,Q1,Non-Holiday,Weekend
32,2016-02-01,2016,2,February,1,1,Monday,Q1,Non-Holiday,Weekday
33,2016-02-02,2016,2,February,1,2,Tuesday,Q1,Non-Holiday,Weekday
34,2016-02-03,2016,2,February,1,3,Wednesday,Q1,Non-Holiday,Weekday
35,2016-02-04,2016,2,February,1,4,Thursday,Q1,Non-Holiday,Weekday
36,2016-02-05,2016,2,February,1,5,Friday,Q1,Non-Holiday,Weekday
37,2016-02-06,2016,2,February,1,6,Saturday,Q1,Non-Holiday,Weekend
38,2016-02-07,2016,2,February,1,7,Sunday,Q1,Non-Holiday,Weekend
39,2016-02-08,2016,2,February,2,8,Monday,Q1,Non-Holiday,Weekday
40,2016-02-09,2016,2,February,2,9,Tuesday,Q1,Non-Holiday,Weekday
41,2016-02-10,2016,2,February,2,10,Wednesday,Q1,Non-Holiday,Weekday
42,2016-02-11,2016,2,February,2,11,Thursday,Q1,Non-Holiday,Weekday
43,2016-02-12,2016,2,February,2,12,Friday,Q1,Non-Holiday,Weekday
44,2016-02-13,2016,2,February,2,13,Saturday,Q1,Non-Holiday,Weekend
45,2016-02-14,2016,2,February,2,14,Sunday,Q1,Non-Holiday,Weekend
46,2016-02-15,2016,2,February,2,15,Monday,Q1,Non-Holiday,Weekday
47,2016-02-16,2016,2,February,3,16,Tuesday,Q1,Non-Holiday,Weekday
48,2016-02-17,2016,2,February,3,17,Wednesday,Q1,Non-Holiday,Weekday
49,2016-02-18,2016,2,February,3,18,Thursday,Q1,Non-Holiday,Weekday
50,2016-02-19,2016,2,February,3,19,Friday,Q1,Non-Holiday,Weekday
51,2016-02-20,2016,2,February,3,20,Saturday,Q1,Non-Holiday,Weekend
52,2016-02-21,2016,2,February,3,21,Sunday,Q1,Non-Holiday,Weekend
53,2016-02-22,2016,2,February,3,22,Monday,Q1,Non-Holiday,Weekday
54,2016-02-23,2016,2,February,3,23,Tuesday,Q1,Non-Holiday,Weekday
55,2016-02-24,2016,2,February,4,24,Wednesday,Q1,Non-Holiday,Weekday
56,2016-02-25,2016,2,February,4,25,Thursday,Q1,Non-Holiday,Weekday
57,2016-02-26,2016,2,February,4,26,Friday,Q1,Non-Holiday,Weekday
58,2016-02-27,2016,2,February,4,27,Saturday,Q1,Non-Holiday,Weekend
59,2016-02-28,2016,2,February,4,28,Sunday,Q1,Non-Holiday,Weekend
60,2016-02-29,2016,2,February,4,29,Monday,Q1,Non-Holiday,Weekday
61,2016-03-01,2016,3,March,1,1,Tuesday,Q1,Non-Holiday,Weekday
62,2016-03-02,2016,3,March,1,2,Wednesday,Q1,Non-Holiday,Weekday
63,2016-03-03,2016,3,March,1,3,Thursday,Q1,Non-Holiday,Weekday
64,2016-03-04,2016,3,March,1,4,Friday,Q1,Non-Holiday,Weekday
65,2016-03-05,2016,3,March,1,5,Saturday,Q1,Non-Holiday,Weekend
66,2016-03-06,2016,3,March,1,6,Sunday,Q1,Non-Holiday,Weekend
67,2016-03-07,2016,3,March,1,7,Monday,Q1,Non-Holiday,Weekday
68,2016-03-08,2016,3,March,2,8,Tuesday,Q1,Non-Holiday,Weekday
69,2016-03-09,2016,3,March,2,9,Wednesday,Q1,Non-Holiday,Weekday
70,2016-03-10,2016,3,March,2,10,Thursday,Q1,Non-Holiday,Weekday
71,2016-03-11,2016,3,March,2,11,Friday,Q1,Non-Holiday,Weekday
72,2016-03-12,2016,3,March,2,12,Saturday,Q1,Non-Holiday,Weekend
73,2016-03-13,2016,3,March,2,13,Sunday,Q1,Non-Holiday,Weekend
74,2016-03-14,2016,3,March,2,14,Monday,Q1,Non-Holiday,Weekday
75,2016-03-15,2016,3,March,2,15,Tuesday,Q1,Non-Holiday,Weekday
76,2016-03-16,2016,3,March,3,16,Wednesday,Q1,Non-Holiday,Weekday
77,2016-03-17,2016,3,March,3,17,Thursday,Q1,Non-Holiday,Weekday
78,2016-03-18,2016,3,March,3,18,Friday,Q1,Non-Holiday,Weekday
79,2016-03-19,2016,3,March,3,19,Saturday,Q1,Non-Holiday,Weekend
80,2016-03-20,2016,3,March,3,20,Sunday,Q1,Non-Holiday,Weekend
81,2016-03-21,2016,3,March,3,21,Monday,Q1,Non-Holiday,Weekday
82,2016-03-22,2016,3,March,3,22,Tuesday,Q1,Non-Holiday,Weekday
83,2016-03-23,2016,3,March,3,23,Wednesday,Q1,Non-Holiday,Weekday
84,2016-03-24,2016,3,March,4,24,Thursday,Q1,Non-Holiday,Weekday
85,2016-03-25,2016,3,March,4,25,Friday,Q1,Non-Holiday,Weekday
86,2016-03-26,2016,3,March,4,26,Saturday,Q1,Non-Holiday,Weekend
87,2016-03-27,2016,3,March,4,27,Sunday,Q1,Non-Holiday,Weekend
88,2016-03-28,2016,3,March,4,28,Monday,Q1,Non-Holiday,Weekday
89,2016-03-29,2016,3,March,4,29,Tuesday,Q1,Non-Holiday,Weekday
90,2016-03-30,2016,3,March,4,30,Wednesday,Q1,Non-Holiday,Weekday
91,2016-03-31,2016,3,March,4,31,Thursday,Q1,Non-Holiday,Weekday
92,2016-04-01,2016,4,April,1,1,Friday,Q2,Non-Holiday,Weekday
93,2016-04-02,2016,4,April,1,2,Saturday,Q2,Non-Holiday,Weekend
94,2016-04-03,2016,4,April,1,3,Sunday,Q2,Non-Holiday,Weekend
95,2016-04-04,2016,4,April,1,4,Monday,Q2,Non-Holiday,Weekday
96,2016-04-05,2016,4,April,1,5,Tuesday,Q2,Non-Holiday,Weekday
97,2016-04-06,2016,4,April,1,6,Wednesday,Q2,Non-Holiday,Weekday
98,2016-04-07,2016,4,April,1,7,Thursday,Q2,Non-Holiday,Weekday
99,2016-04-08,2016,4,April,2,8,Friday,Q2,Non-Holiday,Weekday
100,2016-04-09,2016,4,April,2,9,Saturday,Q2,Non-Holiday,Weekend
101,2016-04-10,2016,4,April,2,10,Sunday,Q2,Non-Holiday,Weekend
102,2016-04-11,2016,4,April,2,11,Monday,Q2,Non-Holiday,Weekday
103,2016-04-12,2016,4,April,2,12,Tuesday,Q2,Non-Holiday,Weekday
104,2016-04-13,2016,4,April,2,13,Wednesday,Q2,Non-Holiday,Weekday
105,2016-04-14,2016,4,April,2,14,Thursday,Q2,Non-Holiday,Weekday
106,2016-04-15,2016,4,April,2,15,Friday,Q2,Non-Holiday,Weekday
107,2016-04-16,2016,4,April,3,16,Saturday,Q2,Non-Holiday,Weekend
108,2016-04-17,2016,4,April,3,17,Sunday,Q2,Non-Holiday,Weekend
109,2016-04-18,2016,4,April,3,18,Monday,Q2,Non-Holiday,Weekday
110,2016-04-19,2016,4,April,3,19,Tuesday,Q2,Non-Holiday,Weekday
111,2016-04-20,2016,4,April,3,20,Wednesday,Q2,Non-Holiday,Weekday
112,2016-04-21,2016,4,April,3,21,Thursday,Q2,Holiday,Weekday
113,2016-04-22,2016,4,April,3,22,Friday,Q2,Non-Holiday,Weekday
114,2016-04-23,2016,4,April,3,23,Saturday,Q2,Non-Holiday,Weekend
115,2016-04-24,2016,4,April,4,24,Sunday,Q2,Non-Holiday,Weekend
116,2016-04-25,2016,4,April,4,25,Monday,Q2,Non-Holiday,Weekday
117,2016-04-26,2016,4,April,4,26,Tuesday,Q2,Non-Holiday,Weekday
118,2016-04-27,2016,4,April,4,27,Wednesday,Q2,Non-Holiday,Weekday
119,2016-04-28,2016,4,April,4,28,Thursday,Q2,Non-Holiday,Weekday
120,2016-04-29,2016,4,April,4,29,Friday,Q2,Non-Holiday,Weekday
121,2016-04-30,2016,4,April,4,30,Saturday,Q2,Non-Holiday,Weekend
122,2016-05-01,2016,5,May,1,1,Sunday,Q2,Holiday,Weekend
123,2016-05-02,2016,5,May,1,2,Monday,Q2,Non-Holiday,Weekday
124,2016-05-03,2016,5,May,1,3,Tuesday,Q2,Non-Holiday,Weekday
125,2016-05-04,2016,5,May,1,4,Wednesday,Q2,Non-Holiday,Weekday
126,2016-05-05,2016,5,May,1,5,Thursday,Q2,Non-Holiday,Weekday
127,2016-05-06,2016,5,May,1,6,Friday,Q2,Non-Holiday,Weekday
128,2016-05-07,2016,5,May,1,7,Saturday,Q2,Non-Holiday,Weekend
129,2016-05-08,2016,5,May,2,8,Sunday,Q2,Non-Holiday,Weekend
130,2016-05-09,2016,5,May,2,9,Monday,Q2,Non-Holiday,Weekday
131,2016-05-10,2016,5,May,2,10,Tuesday,Q2,Non-Holiday,Weekday
132,2016-05-11,2016,5,May,2,11,Wednesday,Q2,Non-Holiday,Weekday
133,2016-05-12,2016,5,May,2,12,Thursday,Q2,Non-Holiday,Weekday
134,2016-05-13,2016,5,May,2,13,Friday,Q2,Non-Holiday,Weekday
135,2016-05-14,2016,5,May,2,14,Saturday,Q2,Non-Holiday,Weekend
136,2016-05-15,2016,5,May,2,15,Sunday,Q2,Non-Holiday,Weekend
137,2016-05-16,2016,5,May,3,16,Monday,Q2,Non-Holiday,Weekday
138,2016-05-17,2016,5,May,3,17,Tuesday,Q2,Non-Holiday,Weekday
139,2016-05-18,2016,5,May,3,18,Wednesday,Q2,Non-Holiday,Weekday
140,2016-05-19,2016,5,May,3,19,Thursday,Q2,Non-Holiday,Weekday
141,2016-05-20,2016,5,May,3,20,Friday,Q2,Non-Holiday,Weekday
142,2016-05-21,2016,5,May,3,21,Saturday,Q2,Non-Holiday,Weekend
143,2016-05-22,2016,5,May,3,22,Sunday,Q2,Non-Holiday,Weekend
144,2016-05-23,2016,5,May,3,23,Monday,Q2,Non-Holiday,Weekday
145,2016-05-24,2016,5,May,4,24,Tuesday,Q2,Non-Holiday,Weekday
146,2016-05-25,2016,5,May,4,25,Wednesday,Q2,Non-Holiday,Weekday
147,2016-05-26,2016,5,May,4,26,Thursday,Q2,Non-Holiday,Weekday
148,2016-05-27,2016,5,May,4,27,Friday,Q2,Non-Holiday,Weekday
149,2016-05-28,2016,5,May,4,28,Saturday,Q2,Non-Holiday,Weekend
150,2016-05-29,2016,5,May,4,29,Sunday,Q2,Non-Holiday,Weekend
151,2016-05-30,2016,5,May,4,30,Monday,Q2,Non-Holiday,Weekday
152,2016-05-31,2016,5,May,4,31,Tuesday,Q2,Non-Holiday,Weekday
153,2016-06-01,2016,6,June,1,1,Wednesday,Q2,Non-Holiday,Weekday
154,2016-06-02,2016,6,June,1,2,Thursday,Q2,Non-Holiday,Weekday
155,2016-06-03,2016,6,June,1,3,Friday,Q2,Non-Holiday,Weekday
156,2016-06-04,2016,6,June,1,4,Saturday,Q2,Non-Holiday,Weekend
157,2016-06-05,2016,6,June,1,5,Sunday,Q2,Non-Holiday,Weekend
158,2016-06-06,2016,6,June,1,6,Monday,Q2,Non-Holiday,Weekday
159,2016-06-07,2016,6,June,1,7,Tuesday,Q2,Non-Holiday,Weekday
160,2016-06-08,2016,6,June,2,8,Wednesday,Q2,Non-Holiday,Weekday
161,2016-06-09,2016,6,June,2,9,Thursday,Q2,Non-Holiday,Weekday
162,2016-06-10,2016,6,June,2,10,Friday,Q2,Non-Holiday,Weekday
163,2016-06-11,2016,6,June,2,11,Saturday,Q2,Non-Holiday,Weekend
164,2016-06-12,2016,6,June,2,12,Sunday,Q2,Non-Holiday,Weekend
165,2016-06-13,2016,6,June,2,13,Monday,Q2,Non-Holiday,Weekday
166,2016-06-14,2016,6,June,2,14,Tuesday,Q2,Non-Holiday,Weekday
167,2016-06-15,2016,6,June,2,15,Wednesday,Q2,Non-Holiday,Weekday
168,2016-06-16,2016,6,June,3,16,Thursday,Q2,Non-Holiday,Weekday
169,2016-06-17,2016,6,June,3,17,Friday,Q2,Non-Holiday,Weekday
170,2016-06-18,2016,6,June,3,18,Saturday,Q2,Non-Holiday,Weekend
171,2016-06-19,2016,6,June,3,19,Sunday,Q2,Non-Holiday,Weekend
172,2016-06-20,2016,6,June,3,20,Monday,Q2,Non-Holiday,Weekday
173,2016-06-21,2016,6,June,3,21,Tuesday,Q2,Non-Holiday,Weekday
174,2016-06-22,2016,6,June,3,22,Wednesday,Q2,Non-Holiday,Weekday
175,2016-06-23,2016,6,June,3,23,Thursday,Q2,Non-Holiday,Weekday
176,2016-06-24,2016,6,June,4,24,Friday,Q2,Non-Holiday,Weekday
177,2016-06-25,2016,6,June,4,25,Saturday,Q2,Non-Holiday,Weekend
178,2016-06-26,2016,6,June,4,26,Sunday,Q2,Non-Holiday,Weekend
179,2016-06-27,2016,6,June,4,27,Monday,Q2,Non-Holiday,Weekday
180,2016-06-28,2016,6,June,4,28,Tuesday,Q2,Non-Holiday,Weekday
181,2016-06-29,2016,6,June,4,29,Wednesday,Q2,Non-Holiday,Weekday
182,2016-06-30,2016,6,June,4,30,Thursday,Q2,Non-Holiday,Weekday
183,2016-07-01,2016,7,July,1,1,Friday,Q3,Non-Holiday,Weekday
184,2016-07-02,2016,7,July,1,2,Saturday,Q3,Non-Holiday,Weekend
185,2016-07-03,2016,7,July,1,3,Sunday,Q3,Non-Holiday,Weekend
186,2016-07-04,2016,7,July,1,4,Monday,Q3,Non-Holiday,Weekday
187,2016-07-05,2016,7,July,1,5,Tuesday,Q3,Non-Holiday,Weekday
188,2016-07-06,2016,7,July,1,6,Wednesday,Q3,Non-Holiday,Weekday
189,2016-07-07,2016,7,July,1,7,Thursday,Q3,Non-Holiday,Weekday
190,2016-07-08,2016,7,July,2,8,Friday,Q3,Non-Holiday,Weekday
191,2016-07-09,2016,7,July,2,9,Saturday,Q3,Non-Holiday,Weekend
192,2016-07-10,2016,7,July,2,10,Sunday,Q3,Non-Holiday,Weekend
193,2016-07-11,2016,7,July,2,11,Monday,Q3,Non-Holiday,Weekday
194,2016-07-12,2016,7,July,2,12,Tuesday,Q3,Non-Holiday,Weekday
195,2016-07-13,2016,7,July,2,13,Wednesday,Q3,Non-Holiday,Weekday
196,2016-07-14,2016,7,July,2,14,Thursday,Q3,Non-Holiday,Weekday
197,2016-07-15,2016,7,July,2,15,Friday,Q3,Non-Holiday,Weekday
198,2016-07-16,2016,7,July,3,16,Saturday,Q3,Non-Holiday,Weekend
199,2016-07-17,2016,7,July,3,17,Sunday,Q3,Non-Holiday,Weekend
200,2016-07-18,2016,7,July,3,18,Monday,Q3,Non-Holiday,Weekday
201,2016-07-19,2016,7,July,3,19,Tuesday,Q3,Non-Holiday,Weekday
202,2016-07-20,2016,7,July,3,20,Wednesday,Q3,Non-Holiday,Weekday
203,2016-07-21,2016,7,July,3,21,Thursday,Q3,Non-Holiday,Weekday
204,2016-07-22,2016,7,July,3,22,Friday,Q3,Non-Holiday,Weekday
205,2016-07-23,2016,7,July,3,23,Saturday,Q3,Non-Holiday,Weekend
206,2016-07-24,2016,7,July,4,24,Sunday,Q3,Non-Holiday,Weekend
207,2016-07-25,2016,7,July,4,25,Monday,Q3,Non-Holiday,Weekday
208,2016-07-26,2016,7,July,4,26,Tuesday,Q3,Non-Holiday,Weekday
209,2016-07-27,2016,7,July,4,27,Wednesday,Q3,Non-Holiday,Weekday
210,2016-07-28,2016,7,July,4,28,Thursday,Q3,Non-Holiday,Weekday
211,2016-07-29,2016,7,July,4,29,Friday,Q3,Non-Holiday,Weekday
212,2016-07-30,2016,7,July,4,30,Saturday,Q3,Non-Holiday,Weekend
213,2016-07-31,2016,7,July,4,31,Sunday,Q3,Non-Holiday,Weekend
214,2016-08-01,2016,8,August,1,1,Monday,Q3,Non-Holiday,Weekday
215,2016-08-02,2016,8,August,1,2,Tuesday,Q3,Non-Holiday,Weekday
216,2016-08-03,2016,8,August,1,3,Wednesday,Q3,Non-Holiday,Weekday
217,2016-08-04,2016,8,August,1,4,Thursday,Q3,Non-Holiday,Weekday
218,2016-08-05,2016,8,August,1,5,Friday,Q3,Non-Holiday,Weekday
219,2016-08-06,2016,8,August,1,6,Saturday,Q3,Non-Holiday,Weekend
220,2016-08-07,2016,8,August,1,7,Sunday,Q3,Non-Holiday,Weekend
221,2016-08-08,2016,8,August,2,8,Monday,Q3,Non-Holiday,Weekday
222,2016-08-09,2016,8,August,2,9,Tuesday,Q3,Non-Holiday,Weekday
223,2016-08-10,2016,8,August,2,10,Wednesday,Q3,Non-Holiday,Weekday
224,2016-08-11,2016,8,August,2,11,Thursday,Q3,Non-Holiday,Weekday
225,2016-08-12,2016,8,August,2,12,Friday,Q3,Non-Holiday,Weekday
226,2016-08-13,2016,8,August,2,13,Saturday,Q3,Non-Holiday,Weekend
227,2016-08-14,2016,8,August,2,14,Sunday,Q3,Non-Holiday,Weekend
228,2016-08-15,2016,8,August,2,15,Monday,Q3,Non-Holiday,Weekday
229,2016-08-16,2016,8,August,3,16,Tuesday,Q3,Non-Holiday,Weekday
230,2016-08-17,2016,8,August,3,17,Wednesday,Q3,Non-Holiday,Weekday
231,2016-08-18,2016,8,August,3,18,Thursday,Q3,Non-Holiday,Weekday
232,2016-08-19,2016,8,August,3,19,Friday,Q3,Non-Holiday,Weekday
233,2016-08-20,2016,8,August,3,20,Saturday,Q3,Non-Holiday,Weekend
234,2016-08-21,2016,8,August,3,21,Sunday,Q3,Non-Holiday,Weekend
235,2016-08-22,2016,8,August,3,22,Monday,Q3,Non-Holiday,Weekday
236,2016-08-23,2016,8,August,3,23,Tuesday,Q3,Non-Holiday,Weekday
237,2016-08-24,2016,8,August,4,24,Wednesday,Q3,Non-Holiday,Weekday
238,2016-08-25,2016,8,August,4,25,Thursday,Q3,Non-Holiday,Weekday
239,2016-08-26,2016,8,August,4,26,Friday,Q3,Non-Holiday,Weekday
240,2016-08-27,2016,8,August,4,27,Saturday,Q3,Non-Holiday,Weekend
241,2016-08-28,2016,8,August,4,28,Sunday,Q3,Non-Holiday,Weekend
242,2016-08-29,2016,8,August,4,29,Monday,Q3,Non-Holiday,Weekday
243,2016-08-30,2016,8,August,4,30,Tuesday,Q3,Non-Holiday,Weekday
244,2016-08-31,2016,8,August,4,31,Wednesday,Q3,Non-Holiday,Weekday
245,2016-09-01,2016,9,September,1,1,Thursday,Q3,Non-Holiday,Weekday
246,2016-09-02,2016,9,September,1,2,Friday,Q3,Non-Holiday,Weekday
247,2016-09-03,2016,9,September,1,3,Saturday,Q3,Non-Holiday,Weekend
248,2016-09-04,2016,9,September,1,4,Sunday,Q3,Non-Holiday,Weekend
249,2016-09-05,2016,9,September,1,5,Monday,Q3,Non-Holiday,Weekday
250,2016-09-06,2016,9,September,1,6,Tuesday,Q3,Non-Holiday,Weekday
251,2016-09-07,2016,9,September,1,7,Wednesday,Q3,Holiday,Weekday
252,2016-09-08,2016,9,September,2,8,Thursday,Q3,Non-Holiday,Weekday
253,2016-09-09,2016,9,September,2,9,Friday,Q3,Non-Holiday,Weekday
254,2016-09-10,2016,9,September,2,10,Saturday,Q3,Non-Holiday,Weekend
255,2016-09-11,2016,9,September,2,11,Sunday,Q3,Non-Holiday,Weekend
256,2016-09-12,2016,9,September,2,12,Monday,Q3,Non-Holiday,Weekday
257,2016-09-13,2016,9,September,2,13,Tuesday,Q3,Non-Holiday,Weekday
258,2016-09-14,2016,9,September,2,14,Wednesday,Q3,Non-Holiday,Weekday
259,2016-09-15,2016,9,September,2,15,Thursday,Q3,Non-Holiday,Weekday
260,2016-09-16,2016,9,September,3,16,Friday,Q3,Non-Holiday,Weekday
261,2016-09-17,2016,9,September,3,17,Saturday,Q3,Non-Holiday,Weekend
262,2016-09-18,2016,9,September,3,18,Sunday,Q3,Non-Holiday,Weekend
263,2016-09-19,2016,9,September,3,19,Monday,Q3,Non-Holiday,Weekday
264,2016-09-20,2016,9,September,3,20,Tuesday,Q3,Non-Holiday,Weekday
265,2016-09-21,2016,9,September,3,21,Wednesday,Q3,Non-Holiday,Weekday
266,2016-09-22,2016,9,September,3,22,Thursday,Q3,Non-Holiday,Weekday
267,2016-09-23,2016,9,September,3,23,Friday,Q3,Non-Holiday,Weekday
268,2016-09-24,2016,9,September,4,24,Saturday,Q3,Non-Holiday,Weekend
269,2016-09-25,2016,9,September,4,25,Sunday,Q3,Non-Holiday,Weekend
270,2016-09-26,2016,9,September,4,26,Monday,Q3,Non-Holiday,Weekday
271,2016-09-27,2016,9,September,4,27,Tuesday,Q3,Non-Holiday,Weekday
272,2016-09-28,2016,9,September,4,28,Wednesday,Q3,Non-Holiday,Weekday
273,2016-09-29,2016,9,September,4,29,Thursday,Q3,Non-Holiday,Weekday
274,2016-09-30,2016,9,September,4,30,Friday,Q3,Non-Holiday,Weekday
275,2016-10-01,2016,10,October,1,1,Saturday,Q4,Non-Holiday,Weekend
276,2016-10-02,2016,10,October,1,2,Sunday,Q4,Non-Holiday,Weekend
277,2016-10-03,2016,10,October,1,3,Monday,Q4,Non-Holiday,Weekday
278,2016-10-04,2016,10,October,1,4,Tuesday,Q4,Non-Holiday,Weekday
279,2016-10-05,2016,10,October,1,5,Wednesday,Q4,Non-Holiday,Weekday
280,2016-10-06,2016,10,October,1,6,Thursday,Q4,Non-Holiday,Weekday
281,2016-10-07,2016,10,October,1,7,Friday,Q4,Non-Holiday,Weekday
282,2016-10-08,2016,10,October,2,8,Saturday,Q4,Non-Holiday,Weekend
283,2016-10-09,2016,10,October,2,9,Sunday,Q4,Non-Holiday,Weekend
284,2016-10-10,2016,10,October,2,10,Monday,Q4,Non-Holiday,Weekday
285,2016-10-11,2016,10,October,2,11,Tuesday,Q4,Non-Holiday,Weekday
286,2016-10-12,2016,10,October,2,12,Wednesday,Q4,Holiday,Weekday
287,2016-10-13,2016,10,October,2,13,Thursday,Q4,Non-Holiday,Weekday
288,2016-10-14,2016,10,October,2,14,Friday,Q4,Non-Holiday,Weekday
289,2016-10-15,2016,10,October,2,15,Saturday,Q4,Non-Holiday,Weekend
290,2016-10-16,2016,10,October,3,16,Sunday,Q4,Non-Holiday,Weekend
291,2016-10-17,2016,10,October,3,17,Monday,Q4,Non-Holiday,Weekday
292,2016-10-18,2016,10,October,3,18,Tuesday,Q4,Non-Holiday,Weekday
293,2016-10-19,2016,10,October,3,19,Wednesday,Q4,Non-Holiday,Weekday
294,2016-10-20,2016,10,October,3,20,Thursday,Q4,Non-Holiday,Weekday
295,2016-10-21,2016,10,October,3,21,Friday,Q4,Non-Holiday,Weekday
296,2016-10-22,2016,10,October,3,22,Saturday,Q4,Non-Holiday,Weekend
297,2016-10-23,2016,10,October,3,23,Sunday,Q4,Non-Holiday,Weekend
298,2016-10-24,2016,10,October,4,24,Monday,Q4,Non-Holiday,Weekday
299,2016-10-25,2016,10,October,4,25,Tuesday,Q4,Non-Holiday,Weekday
300,2016-10-26,2016,10,October,4,26,Wednesday,Q4,Non-Holiday,Weekday
301,2016-10-27,2016,10,October,4,27,Thursday,Q4,Non-Holiday,Weekday
302,2016-10-28,2016,10,October,4,28,Friday,Q4,Non-Holiday,Weekday
303,2016-10-29,2016,10,October,4,29,Saturday,Q4,Non-Holiday,Weekend
304,2016-10-30,2016,10,October,4,30,Sunday,Q4,Non-Holiday,Weekend
305,2016-10-31,2016,10,October,4,31,Monday,Q4,Non-Holiday,Weekday
306,2016-11-01,2016,11,November,1,1,Tuesday,Q4,Non-Holiday,Weekday
307,2016-11-02,2016,11,November,1,2,Wednesday,Q4,Holiday,Weekday
308,2016-11-03,2016,11,November,1,3,Thursday,Q4,Non-Holiday,Weekday
309,2016-11-04,2016,11,November,1,4,Friday,Q4,Non-Holiday,Weekday
310,2016-11-05,2016,11,November,1,5,Saturday,Q4,Non-Holiday,Weekend
311,2016-11-06,2016,11,November,1,6,Sunday,Q4,Non-Holiday,Weekend
312,2016-11-07,2016,11,November,1,7,Monday,Q4,Non-Holiday,Weekday
313,2016-11-08,2016,11,November,2,8,Tuesday,Q4,Non-Holiday,Weekday
314,2016-11-09,2016,11,November,2,9,Wednesday,Q4,Non-Holiday,Weekday
315,2016-11-10,2016,11,November,2,10,Thursday,Q4,Non-Holiday,Weekday
316,2016-11-11,2016,11,November,2,11,Friday,Q4,Non-Holiday,Weekday
317,2016-11-12,2016,11,November,2,12,Saturday,Q4,Non-Holiday,Weekend
318,2016-11-13,2016,11,November,2,13,Sunday,Q4,Non-Holiday,Weekend
319,2016-11-14,2016,11,November,2,14,Monday,Q4,Non-Holiday,Weekday
320,2016-11-15,2016,11,November,2,15,Tuesday,Q4,Holiday,Weekday
321,2016-11-16,2016,11,November,3,16,Wednesday,Q4,Non-Holiday,Weekday
322,2016-11-17,2016,11,November,3,17,Thursday,Q4,Non-Holiday,Weekday
323,2016-11-18,2016,11,November,3,18,Friday,Q4,Non-Holiday,Weekday
324,2016-11-19,2016,11,November,3,19,Saturday,Q4,Non-Holiday,Weekend
325,2016-11-20,2016,11,November,3,20,Sunday,Q4,Non-Holiday,Weekend
326,2016-11-21,2016,11,November,3,21,Monday,Q4,Non-Holiday,Weekday
327,2016-11-22,2016,11,November,3,22,Tuesday,Q4,Non-Holiday,Weekday
328,2016-11-23,2016,11,November,3,23,Wednesday,Q4,Non-Holiday,Weekday
329,2016-11-24,2016,11,November,4,24,Thursday,Q4,Non-Holiday,Weekday
330,2016-11-25,2016,11,November,4,25,Friday,Q4,Non-Holiday,Weekday
331,2016-11-26,2016,11,November,4,26,Saturday,Q4,Non-Holiday,Weekend
332,2016-11-27,2016,11,November,4,27,Sunday,Q4,Non-Holiday,Weekend
333,2016-11-28,2016,11,November,4,28,Monday,Q4,Non-Holiday,Weekday
334,2016-11-29,2016,11,November,4,29,Tuesday,Q4,Non-Holiday,Weekday
335,2016-11-30,2016,11,November,4,30,Wednesday,Q4,Non-Holiday,Weekday
336,2016-12-01,2016,12,December,1,1,Thursday,Q4,Non-Holiday,Weekday
337,2016-12-02,2016,12,December,1,2,Friday,Q4,Non-Holiday,Weekday
338,2016-12-03,2016,12,December,1,3,Saturday,Q4,Non-Holiday,Weekend
339,2016-12-04,2016,12,December,1,4,Sunday,Q4,Non-Holiday,Weekend
340,2016-12-05,2016,12,December,1,5,Monday,Q4,Non-Holiday,Weekday
341,2016-12-06,2016,12,December,1,6,Tuesday,Q4,Non-Holiday,Weekday
342,2016-12-07,2016,12,December,1,7,Wednesday,Q4,Non-Holiday,Weekday
343,2016-12-08,2016,12,December,2,8,Thursday,Q4,Non-Holiday,Weekday
344,2016-12-09,2016,12,December,2,9,Friday,Q4,Non-Holiday,Weekday
345,2016-12-10,2016,12,December,2,10,Saturday,Q4,Non-Holiday,Weekend
346,2016-12-11,2016,12,December,2,11,Sunday,Q4,Non-Holiday,Weekend
347,2016-12-12,2016,12,December,2,12,Monday,Q4,Non-Holiday,Weekday
348,2016-12-13,2016,12,December,2,13,Tuesday,Q4,Non-Holiday,Weekday
349,2016-12-14,2016,12,December,2,14,Wednesday,Q4,Non-Holiday,Weekday
350,2016-12-15,2016,12,December,2,15,Thursday,Q4,Non-Holiday,Weekday
351,2016-12-16,2016,12,December,3,16,Friday,Q4,Non-Holiday,Weekday
352,2016-12-17,2016,12,December,3,17,Saturday,Q4,Non-Holiday,Weekend
353,2016-12-18,2016,12,December,3,18,Sunday,Q4,Non-Holiday,Weekend
354,2016-12-19,2016,12,December,3,19,Monday,Q4,Non-Holiday,Weekday
355,2016-12-20,2016,12,December,3,20,Tuesday,Q4,Non-Holiday,Weekday
356,2016-12-21,2016,12,December,3,21,Wednesday,Q4,Non-Holiday,Weekday
357,2016-12-22,2016,12,December,3,22,Thursday,Q4,Non-Holiday,Weekday
358,2016-12-23,2016,12,December,3,23,Friday,Q4,Non-Holiday,Weekday
359,2016-12-24,2016,12,December,4,24,Saturday,Q4,Non-Holiday,Weekend
360,2016-12-25,2016,12,December,4,25,Sunday,Q4,Holiday,Weekend
361,2016-12-26,2016,12,December,4,26,Monday,Q4,Non-Holiday,Weekday
362,2016-12-27,2016,12,December,4,27,Tuesday,Q4,Non-Holiday,Weekday
363,2016-12-28,2016,12,December,4,28,Wednesday,Q4,Non-Holiday,Weekday
364,2016-12-29,2016,12,December,4,29,Thursday,Q4,Non-Holiday,Weekday
365,2016-12-30,2016,12,December,4,30,Friday,Q4,Non-Holiday,Weekday
366,2016-12-31,2016,12,December,4,31,Saturday,Q4,Non-Holiday,Weekend
367,2017-01-01,2017,1,January,1,1,Sunday,Q1,Holiday,Weekend
368,2017-01-02,2017,1,January,1,2,Monday,Q1,Non-Holiday,Weekday
369,2017-01-03,2017,1,January,1,3,Tuesday,Q1,Non-Holiday,Weekday
370,2017-01-04,2017,1,January,1,4,Wednesday,Q1,Non-Holiday,Weekday
371,2017-01-05,2017,1,January,1,5,Thursday,Q1,Non-Holiday,Weekday
372,2017-01-06,2017,1,January,1,6,Friday,Q1,Non-Holiday,Weekday
373,2017-01-07,2017,1,January,1,7,Saturday,Q1,Non-Holiday,Weekend
374,2017-01-08,2017,1,January,2,8,Sunday,Q1,Non-Holiday,Weekend
375,2017-01-09,2017,1,January,2,9,Monday,Q1,Non-Holiday,Weekday
376,2017-01-10,2017,1,January,2,10,Tuesday,Q1,Non-Holiday,Weekday
377,2017-01-11,2017,1,January,2,11,Wednesday,Q1,Non-Holiday,Weekday
378,2017-01-12,2017,1,January,2,12,Thursday,Q1,Non-Holiday,Weekday
379,2017-01-13,2017,1,January,2,13,Friday,Q1,Non-Holiday,Weekday
380,2017-01-14,2017,1,January,2,14,Saturday,Q1,Non-Holiday,Weekend
381,2017-01-15,2017,1,January,2,15,Sunday,Q1,Non-Holiday,Weekend
382,2017-01-16,2017,1,January,3,16,Monday,Q1,Non-Holiday,Weekday
383,2017-01-17,2017,1,January,3,17,Tuesday,Q1,Non-Holiday,Weekday
384,2017-01-18,2017,1,January,3,18,Wednesday,Q1,Non-Holiday,Weekday
385,2017-01-19,2017,1,January,3,19,Thursday,Q1,Non-Holiday,Weekday
386,2017-01-20,2017,1,January,3,20,Friday,Q1,Non-Holiday,Weekday
387,2017-01-21,2017,1,January,3,21,Saturday,Q1,Non-Holiday,Weekend
388,2017-01-22,2017,1,January,3,22,Sunday,Q1,Non-Holiday,Weekend
389,2017-01-23,2017,1,January,3,23,Monday,Q1,Non-Holiday,Weekday
390,2017-01-24,2017,1,January,4,24,Tuesday,Q1,Non-Holiday,Weekday
391,2017-01-25,2017,1,January,4,25,Wednesday,Q1,Non-Holiday,Weekday
392,2017-01-26,2017,1,January,4,26,Thursday,Q1,Non-Holiday,Weekday
393,2017-01-27,2017,1,January,4,27,Friday,Q1,Non-Holiday,Weekday
394,2017-01-28,2017,1,January,4,28,Saturday,Q1,Non-Holiday,Weekend
395,2017-01-29,2017,1,January,4,29,Sunday,Q1,Non-Holiday,Weekend
396,2017-01-30,2017,1,January,4,30,Monday,Q1,Non-Holiday,Weekday
397,2017-01-31,2017,1,January,4,31,Tuesday,Q1,Non-Holiday,Weekday
398,2017-02-01,2017,2,February,1,1,Wednesday,Q1,Non-Holiday,Weekday
399,2017-02-02,2017,2,February,1,2,Thursday,Q1,Non-Holiday,Weekday
400,2017-02-03,2017,2,February,1,3,Friday,Q1,Non-Holiday,Weekday
401,2017-02-04,2017,2,February,1,4,Saturday,Q1,Non-Holiday,Weekend
402,2017-02-05,2017,2,February,1,5,Sunday,Q1,Non-Holiday,Weekend
403,2017-02-06,2017,2,February,1,6,Monday,Q1,Non-Holiday,Weekday
404,2017-02-07,2017,2,February,1,7,Tuesday,Q1,Non-Holiday,Weekday
405,2017-02-08,2017,2,February,2,8,Wednesday,Q1,Non-Holiday,Weekday
406,2017-02-09,2017,2,February,2,9,Thursday,Q1,Non-Holiday,Weekday
407,2017-02-10,2017,2,February,2,10,Friday,Q1,Non-Holiday,Weekday
408,2017-02-11,2017,2,February,2,11,Saturday,Q1,Non-Holiday,Weekend
409,2017-02-12,2017,2,February,2,12,Sunday,Q1,Non-Holiday,Weekend
410,2017-02-13,2017,2,February,2,13,Monday,Q1,Non-Holiday,Weekday
411,2017-02-14,2017,2,February,2,14,Tuesday,Q1,Non-Holiday,Weekday
412,2017-02-15,2017,2,February,2,15,Wednesday,Q1,Non-Holiday,Weekday
413,2017-02-16,2017,2,February,3,16,Thursday,Q1,Non-Holiday,Weekday
414,2017-02-17,2017,2,February,3,17,Friday,Q1,Non-Holiday,Weekday
415,2017-02-18,2017,2,February,3,18,Saturday,Q1,Non-Holiday,Weekend
416,2017-02-19,2017,2,February,3,19,Sunday,Q1,Non-Holiday,Weekend
417,2017-02-20,2017,2,February,3,20,Monday,Q1,Non-Holiday,Weekday
418,2017-02-21,2017,2,February,3,21,Tuesday,Q1,Non-Holiday,Weekday
419,2017-02-22,2017,2,February,3,22,Wednesday,Q1,Non-Holiday,Weekday
420,2017-02-23,2017,2,February,3,23,Thursday,Q1,Non-Holiday,Weekday
421,2017-02-24,2017,2,February,4,24,Friday,Q1,Non-Holiday,Weekday
422,2017-02-25,2017,2,February,4,25,Saturday,Q1,Non-Holiday,Weekend
423,2017-02-26,2017,2,February,4,26,Sunday,Q1,Non-Holiday,Weekend
424,2017-02-27,2017,2,February,4,27,Monday,Q1,Non-Holiday,Weekday
425,2017-02-28,2017,2,February,4,28,Tuesday,Q1,Non-Holiday,Weekday
426,2017-03-01,2017,3,March,1,1,Wednesday,Q1,Non-Holiday,Weekday
427,2017-03-02,2017,3,March,1,2,Thursday,Q1,Non-Holiday,Weekday
428,2017-03-03,2017,3,March,1,3,Friday,Q1,Non-Holiday,Weekday
429,2017-03-04,2017,3,March,1,4,Saturday,Q1,Non-Holiday,Weekend
430,2017-03-05,2017,3,March,1,5,Sunday,Q1,Non-Holiday,Weekend
431,2017-03-06,2017,3,March,1,6,Monday,Q1,Non-Holiday,Weekday
432,2017-03-07,2017,3,March,1,7,Tuesday,Q1,Non-Holiday,Weekday
433,2017-03-08,2017,3,March,2,8,Wednesday,Q1,Non-Holiday,Weekday
434,2017-03-09,2017,3,March,2,9,Thursday,Q1,Non-Holiday,Weekday
435,2017-03-10,2017,3,March,2,10,Friday,Q1,Non-Holiday,Weekday
436,2017-03-11,2017,3,March,2,11,Saturday,Q1,Non-Holiday,Weekend
437,2017-03-12,2017,3,March,2,12,Sunday,Q1,Non-Holiday,Weekend
438,2017-03-13,2017,3,March,2,13,Monday,Q1,Non-Holiday,Weekday
439,2017-03-14,2017,3,March,2,14,Tuesday,Q1,Non-Holiday,Weekday
440,2017-03-15,2017,3,March,2,15,Wednesday,Q1,Non-Holiday,Weekday
441,2017-03-16,2017,3,March,3,16,Thursday,Q1,Non-Holiday,Weekday
442,2017-03-17,2017,3,March,3,17,Friday,Q1,Non-Holiday,Weekday
443,2017-03-18,2017,3,March,3,18,Saturday,Q1,Non-Holiday,Weekend
444,2017-03-19,2017,3,March,3,19,Sunday,Q1,Non-Holiday,Weekend
445,2017-03-20,2017,3,March,3,20,Monday,Q1,Non-Holiday,Weekday
446,2017-03-21,2017,3,March,3,21,Tuesday,Q1,Non-Holiday,Weekday
447,2017-03-22,2017,3,March,3,22,Wednesday,Q1,Non-Holiday,Weekday
448,2017-03-23,2017,3,March,3,23,Thursday,Q1,Non-Holiday,Weekday
449,2017-03-24,2017,3,March,4,24,Friday,Q1,Non-Holiday,Weekday
450,2017-03-25,2017,3,March,4,25,Saturday,Q1,Non-Holiday,Weekend
451,2017-03-26,2017,3,March,4,26,Sunday,Q1,Non-Holiday,Weekend
452,2017-03-27,2017,3,March,4,27,Monday,Q1,Non-Holiday,Weekday
453,2017-03-28,2017,3,March,4,28,Tuesday,Q1,Non-Holiday,Weekday
454,2017-03-29,2017,3,March,4,29,Wednesday,Q1,Non-Holiday,Weekday
455,2017-03-30,2017,3,March,4,30,Thursday,Q1,Non-Holiday,Weekday
456,2017-03-31,2017,3,March,4,31,Friday,Q1,Non-Holiday,Weekday
457,2017-04-01,2017,4,April,1,1,Saturday,Q2,Non-Holiday,Weekend
458,2017-04-02,2017,4,April,1,2,Sunday,Q2,Non-Holiday,Weekend
459,2017-04-03,2017,4,April,1,3,Monday,Q2,Non-Holiday,Weekday
460,2017-04-04,2017,4,April,1,4,Tuesday,Q2,Non-Holiday,Weekday
461,2017-04-05,2017,4,April,1,5,Wednesday,Q2,Non-Holiday,Weekday
462,2017-04-06,2017,4,April,1,6,Thursday,Q2,Non-Holiday,Weekday
463,2017-04-07,2017,4,April,1,7,Friday,Q2,Non-Holiday,Weekday
464,2017-04-08,2017,4,April,2,8,Saturday,Q2,Non-Holiday,Weekend
465,2017-04-09,2017,4,April,2,9,Sunday,Q2,Non-Holiday,Weekend
466,2017-04-10,2017,4,April,2,10,Monday,Q2,Non-Holiday,Weekday
467,2017-04-11,2017,4,April,2,11,Tuesday,Q2,Non-Holiday,Weekday
468,2017-04-12,2017,4,April,2,12,Wednesday,Q2,Non-Holiday,Weekday
469,2017-04-13,2017,4,April,2,13,Thursday,Q2,Non-Holiday,Weekday
470,2017-04-14,2017,4,April,2,14,Friday,Q2,Non-Holiday,Weekday
471,2017-04-15,2017,4,April,2,15,Saturday,Q2,Non-Holiday,Weekend
472,2017-04-16,2017,4,April,3,16,Sunday,Q2,Non-Holiday,Weekend
473,2017-04-17,2017,4,April,3,17,Monday,Q2,Non-Holiday,Weekday
474,2017-04-18,2017,4,April,3,18,Tuesday,Q2,Non-Holiday,Weekday
475,2017-04-19,2017,4,April,3,19,Wednesday,Q2,Non-Holiday,Weekday
476,2017-04-20,2017,4,April,3,20,Thursday,Q2,Non-Holiday,Weekday
477,2017-04-21,2017,4,April,3,21,Friday,Q2,Holiday,Weekday
478,2017-04-22,2017,4,April,3,22,Saturday,Q2,Non-Holiday,Weekend
479,2017-04-23,2017,4,April,3,23,Sunday,Q2,Non-Holiday,Weekend
480,2017-04-24,2017,4,April,4,24,Monday,Q2,Non-Holiday,Weekday
481,2017-04-25,2017,4,April,4,25,Tuesday,Q2,Non-Holiday,Weekday
482,2017-04-26,2017,4,April,4,26,Wednesday,Q2,Non-Holiday,Weekday
483,2017-04-27,2017,4,April,4,27,Thursday,Q2,Non-Holiday,Weekday
484,2017-04-28,2017,4,April,4,28,Friday,Q2,Non-Holiday,Weekday
485,2017-04-29,2017,4,April,4,29,Saturday,Q2,Non-Holiday,Weekend
486,2017-04-30,2017,4,April,4,30,Sunday,Q2,Non-Holiday,Weekend
487,2017-05-01,2017,5,May,1,1,Monday,Q2,Holiday,Weekday
488,2017-05-02,2017,5,May,1,2,Tuesday,Q2,Non-Holiday,Weekday
489,2017-05-03,2017,5,May,1,3,Wednesday,Q2,Non-Holiday,Weekday
490,2017-05-04,2017,5,May,1,4,Thursday,Q2,Non-Holiday,Weekday
491,2017-05-05,2017,5,May,1,5,Friday,Q2,Non-Holiday,Weekday
492,2017-05-06,2017,5,May,1,6,Saturday,Q2,Non-Holiday,Weekend
493,2017-05-07,2017,5,May,1,7,Sunday,Q2,Non-Holiday,Weekend
494,2017-05-08,2017,5,May,2,8,Monday,Q2,Non-Holiday,Weekday
495,2017-05-09,2017,5,May,2,9,Tuesday,Q2,Non-Holiday,Weekday
496,2017-05-10,2017,5,May,2,10,Wednesday,Q2,Non-Holiday,Weekday
497,2017-05-11,2017,5,May,2,11,Thursday,Q2,Non-Holiday,Weekday
498,2017-05-12,2017,5,May,2,12,Friday,Q2,Non-Holiday,Weekday
499,2017-05-13,2017,5,May,2,13,Saturday,Q2,Non-Holiday,Weekend
500,2017-05-14,2017,5,May,2,14,Sunday,Q2,Non-Holiday,Weekend
501,2017-05-15,2017,5,May,2,15,Monday,Q2,Non-Holiday,Weekday
502,2017-05-16,2017,5,May,3,16,Tuesday,Q2,Non-Holiday,Weekday
503,2017-05-17,2017,5,May,3,17,Wednesday,Q2,Non-Holiday,Weekday
504,2017-05-18,2017,5,May,3,18,Thursday,Q2,Non-Holiday,Weekday
505,2017-05-19,2017,5,May,3,19,Friday,Q2,Non-Holiday,Weekday
506,2017-05-20,2017,5,May,3,20,Saturday,Q2,Non-Holiday,Weekend
507,2017-05-21,2017,5,May,3,21,Sunday,Q2,Non-Holiday,Weekend
508,2017-05-22,2017,5,May,3,22,Monday,Q2,Non-Holiday,Weekday
509,2017-05-23,2017,5,May,3,23,Tuesday,Q2,Non-Holiday,Weekday
510,2017-05-24,2017,5,May,4,24,Wednesday,Q2,Non-Holiday,Weekday
511,2017-05-25,2017,5,May,4,25,Thursday,Q2,Non-Holiday,Weekday
512,2017-05-26,2017,5,May,4,26,Friday,Q2,Non-Holiday,Weekday
513,2017-05-27,2017,5,May,4,27,Saturday,Q2,Non-Holiday,Weekend
514,2017-05-28,2017,5,May,4,28,Sunday,Q2,Non-Holiday,Weekend
515,2017-05-29,2017,5,May,4,29,Monday,Q2,Non-Holiday,Weekday
516,2017-05-30,2017,5,May,4,30,Tuesday,Q2,Non-Holiday,Weekday
517,2017-05-31,2017,5,May,4,31,Wednesday,Q2,Non-Holiday,Weekday
518,2017-06-01,2017,6,June,1,1,Thursday,Q2,Non-Holiday,Weekday
519,2017-06-02,2017,6,June,1,2,Friday,Q2,Non-Holiday,Weekday
520,2017-06-03,2017,6,June,1,3,Saturday,Q2,Non-Holiday,Weekend
521,2017-06-04,2017,6,June,1,4,Sunday,Q2,Non-Holiday,Weekend
522,2017-06-05,2017,6,June,1,5,Monday,Q2,Non-Holiday,Weekday
523,2017-06-06,2017,6,June,1,6,Tuesday,Q2,Non-Holiday,Weekday
524,2017-06-07,2017,6,June,1,7,Wednesday,Q2,Non-Holiday,Weekday
525,2017-06-08,2017,6,June,2,8,Thursday,Q2,Non-Holiday,Weekday
526,2017-06-09,2017,6,June,2,9,Friday,Q2,Non-Holiday,Weekday
527,2017-06-10,2017,6,June,2,10,Saturday,Q2,Non-Holiday,Weekend
528,2017-06-11,2017,6,June,2,11,Sunday,Q2,Non-Holiday,Weekend
529,2017-06-12,2017,6,June,2,12,Monday,Q2,Non-Holiday,Weekday
530,2017-06-13,2017,6,June,2,13,Tuesday,Q2,Non-Holiday,Weekday
531,2017-06-14,2017,6,June,2,14,Wednesday,Q2,Non-Holiday,Weekday
532,2017-06-15,2017,6,June,2,15,Thursday,Q2,Non-Holiday,Weekday
533,2017-06-16,2017,6,June,3,16,Friday,Q2,Non-Holiday,Weekday
534,2017-06-17,2017,6,June,3,17,Saturday,Q2,Non-Holiday,Weekend
535,2017-06-18,2017,6,June,3,18,Sunday,Q2,Non-Holiday,Weekend
536,2017-06-19,2017,6,June,3,19,Monday,Q2,Non-Holiday,Weekday
537,2017-06-20,2017,6,June,3,20,Tuesday,Q2,Non-Holiday,Weekday
538,2017-06-21,2017,6,June,3,21,Wednesday,Q2,Non-Holiday,Weekday
539,2017-06-22,2017,6,June,3,22,Thursday,Q2,Non-Holiday,Weekday
540,2017-06-23,2017,6,June,3,23,Friday,Q2,Non-Holiday,Weekday
541,2017-06-24,2017,6,June,4,24,Saturday,Q2,Non-Holiday,Weekend
542,2017-06-25,2017,6,June,4,25,Sunday,Q2,Non-Holiday,Weekend
543,2017-06-26,2017,6,June,4,26,Monday,Q2,Non-Holiday,Weekday
544,2017-06-27,2017,6,June,4,27,Tuesday,Q2,Non-Holiday,Weekday
545,2017-06-28,2017,6,June,4,28,Wednesday,Q2,Non-Holiday,Weekday
546,2017-06-29,2017,6,June,4,29,Thursday,Q2,Non-Holiday,Weekday
547,2017-06-30,2017,6,June,4,30,Friday,Q2,Non-Holiday,Weekday
548,2017-07-01,2017,7,July,1,1,Saturday,Q3,Non-Holiday,Weekend
549,2017-07-02,2017,7,July,1,2,Sunday,Q3,Non-Holiday,Weekend
550,2017-07-03,2017,7,July,1,3,Monday,Q3,Non-Holiday,Weekday
551,2017-07-04,2017,7,July,1,4,Tuesday,Q3,Non-Holiday,Weekday
552,2017-07-05,2017,7,July,1,5,Wednesday,Q3,Non-Holiday,Weekday
553,2017-07-06,2017,7,July,1,6,Thursday,Q3,Non-Holiday,Weekday
554,2017-07-07,2017,7,July,1,7,Friday,Q3,Non-Holiday,Weekday
555,2017-07-08,2017,7,July,2,8,Saturday,Q3,Non-Holiday,Weekend
556,2017-07-09,2017,7,July,2,9,Sunday,Q3,Non-Holiday,Weekend
557,2017-07-10,2017,7,July,2,10,Monday,Q3,Non-Holiday,Weekday
558,2017-07-11,2017,7,July,2,11,Tuesday,Q3,Non-Holiday,Weekday
559,2017-07-12,2017,7,July,2,12,Wednesday,Q3,Non-Holiday,Weekday
560,2017-07-13,2017,7,July,2,13,Thursday,Q3,Non-Holiday,Weekday
561,2017-07-14,2017,7,July,2,14,Friday,Q3,Non-Holiday,Weekday
562,2017-07-15,2017,7,July,2,15,Saturday,Q3,Non-Holiday,Weekend
563,2017-07-16,2017,7,July,3,16,Sunday,Q3,Non-Holiday,Weekend
564,2017-07-17,2017,7,July,3,17,Monday,Q3,Non-Holiday,Weekday
565,2017-07-18,2017,7,July,3,18,Tuesday,Q3,Non-Holiday,Weekday
566,2017-07-19,2017,7,July,3,19,Wednesday,Q3,Non-Holiday,Weekday
567,2017-07-20,2017,7,July,3,20,Thursday,Q3,Non-Holiday,Weekday
568,2017-07-21,2017,7,July,3,21,Friday,Q3,Non-Holiday,Weekday
569,2017-07-22,2017,7,July,3,22,Saturday,Q3,Non-Holiday,Weekend
570,2017-07-23,2017,7,July,3,23,Sunday,Q3,Non-Holiday,Weekend
571,2017-07-24,2017,7,July,4,24,Monday,Q3,Non-Holiday,Weekday
572,2017-07-25,2017,7,July,4,25,Tuesday,Q3,Non-Holiday,Weekday
573,2017-07-26,2017,7,July,4,26,Wednesday,Q3,Non-Holiday,Weekday
574,2017-07-27,2017,7,July,4,27,Thursday,Q3,Non-Holiday,Weekday
575,2017-07-28,2017,7,July,4,28,Friday,Q3,Non-Holiday,Weekday
576,2017-07-29,2017,7,July,4,29,Saturday,Q3,Non-Holiday,Weekend
577,2017-07-30,2017,7,July,4,30,Sunday,Q3,Non-Holiday,Weekend
578,2017-07-31,2017,7,July,4,31,Monday,Q3,Non-Holiday,Weekday
579,2017-08-01,2017,8,August,1,1,Tuesday,Q3,Non-Holiday,Weekday
580,2017-08-02,2017,8,August,1,2,Wednesday,Q3,Non-Holiday,Weekday
581,2017-08-03,2017,8,August,1,3,Thursday,Q3,Non-Holiday,Weekday
582,2017-08-04,2017,8,August,1,4,Friday,Q3,Non-Holiday,Weekday
583,2017-08-05,2017,8,August,1,5,Saturday,Q3,Non-Holiday,Weekend
584,2017-08-06,2017,8,August,1,6,Sunday,Q3,Non-Holiday,Weekend
585,2017-08-07,2017,8,August,1,7,Monday,Q3,Non-Holiday,Weekday
586,2017-08-08,2017,8,August,2,8,Tuesday,Q3,Non-Holiday,Weekday
587,2017-08-09,2017,8,August,2,9,Wednesday,Q3,Non-Holiday,Weekday
588,2017-08-10,2017,8,August,2,10,Thursday,Q3,Non-Holiday,Weekday
589,2017-08-11,2017,8,August,2,11,Friday,Q3,Non-Holiday,Weekday
590,2017-08-12,2017,8,August,2,12,Saturday,Q3,Non-Holiday,Weekend
591,2017-08-13,2017,8,August,2,13,Sunday,Q3,Non-Holiday,Weekend
592,2017-08-14,2017,8,August,2,14,Monday,Q3,Non-Holiday,Weekday
593,2017-08-15,2017,8,August,2,15,Tuesday,Q3,Non-Holiday,Weekday
594,2017-08-16,2017,8,August,3,16,Wednesday,Q3,Non-Holiday,Weekday
595,2017-08-17,2017,8,August,3,17,Thursday,Q3,Non-Holiday,Weekday
596,2017-08-18,2017,8,August,3,18,Friday,Q3,Non-Holiday,Weekday
597,2017-08-19,2017,8,August,3,19,Saturday,Q3,Non-Holiday,Weekend
598,2017-08-20,2017,8,August,3,20,Sunday,Q3,Non-Holiday,Weekend
599,2017-08-21,2017,8,August,3,21,Monday,Q3,Non-Holiday,Weekday
600,2017-08-22,2017,8,August,3,22,Tuesday,Q3,Non-Holiday,Weekday
601,2017-08-23,2017,8,August,3,23,Wednesday,Q3,Non-Holiday,Weekday
602,2017-08-24,2017,8,August,4,24,Thursday,Q3,Non-Holiday,Weekday
603,2017-08-25,2017,8,August,4,25,Friday,Q3,Non-Holiday,Weekday
604,2017-08-26,2017,8,August,4,26,Saturday,Q3,Non-Holiday,Weekend
605,2017-08-27,2017,8,August,4,27,Sunday,Q3,Non-Holiday,Weekend
606,2017-08-28,2017,8,August,4,28,Monday,Q3,Non-Holiday,Weekday
607,2017-08-29,2017,8,August,4,29,Tuesday,Q3,Non-Holiday,Weekday
608,2017-08-30,2017,8,August,4,30,Wednesday,Q3,Non-Holiday,Weekday
609,2017-08-31,2017,8,August,4,31,Thursday,Q3,Non-Holiday,Weekday
610,2017-09-01,2017,9,September,1,1,Friday,Q3,Non-Holiday,Weekday
611,2017-09-02,2017,9,September,1,2,Saturday,Q3,Non-Holiday,Weekend
612,2017-09-03,2017,9,September,1,3,Sunday,Q3,Non-Holiday,Weekend
613,2017-09-04,2017,9,September,1,4,Monday,Q3,Non-Holiday,Weekday
614,2017-09-05,2017,9,September,1,5,Tuesday,Q3,Non-Holiday,Weekday
615,2017-09-06,2017,9,September,1,6,Wednesday,Q3,Non-Holiday,Weekday
616,2017-09-07,2017,9,September,1,7,Thursday,Q3,Holiday,Weekday
617,2017-09-08,2017,9,September,2,8,Friday,Q3,Non-Holiday,Weekday
618,2017-09-09,2017,9,September,2,9,Saturday,Q3,Non-Holiday,Weekend
619,2017-09-10,2017,9,September,2,10,Sunday,Q3,Non-Holiday,Weekend
620,2017-09-11,2017,9,September,2,11,Monday,Q3,Non-Holiday,Weekday
621,2017-09-12,2017,9,September,2,12,Tuesday,Q3,Non-Holiday,Weekday
622,2017-09-13,2017,9,September,2,13,Wednesday,Q3,Non-Holiday,Weekday
623,2017-09-14,2017,9,September,2,14,Thursday,Q3,Non-Holiday,Weekday
624,2017-09-15,2017,9,September,2,15,Friday,Q3,Non-Holiday,Weekday
625,2017-09-16,2017,9,September,3,16,Saturday,Q3,Non-Holiday,Weekend
626,2017-09-17,2017,9,September,3,17,Sunday,Q3,Non-Holiday,Weekend
627,2017-09-18,2017,9,September,3,18,Monday,Q3,Non-Holiday,Weekday
628,2017-09-19,2017,9,September,3,19,Tuesday,Q3,Non-Holiday,Weekday
629,2017-09-20,2017,9,September,3,20,Wednesday,Q3,Non-Holiday,Weekday
630,2017-09-21,2017,9,September,3,21,Thursday,Q3,Non-Holiday,Weekday
631,2017-09-22,2017,9,September,3,22,Friday,Q3,Non-Holiday,Weekday
632,2017-09-23,2017,9,September,3,23,Saturday,Q3,Non-Holiday,Weekend
633,2017-09-24,2017,9,September,4,24,Sunday,Q3,Non-Holiday,Weekend
634,2017-09-25,2017,9,September,4,25,Monday,Q3,Non-Holiday,Weekday
635,2017-09-26,2017,9,September,4,26,Tuesday,Q3,Non-Holiday,Weekday
636,2017-09-27,2017,9,September,4,27,Wednesday,Q3,Non-Holiday,Weekday
637,2017-09-28,2017,9,September,4,28,Thursday,Q3,Non-Holiday,Weekday
638,2017-09-29,2017,9,September,4,29,Friday,Q3,Non-Holiday,Weekday
639,2017-09-30,2017,9,September,4,30,Saturday,Q3,Non-Holiday,Weekend
640,2017-10-01,2017,10,October,1,1,Sunday,Q4,Non-Holiday,Weekend
641,2017-10-02,2017,10,October,1,2,Monday,Q4,Non-Holiday,Weekday
642,2017-10-03,2017,10,October,1,3,Tuesday,Q4,Non-Holiday,Weekday
643,2017-10-04,2017,10,October,1,4,Wednesday,Q4,Non-Holiday,Weekday
644,2017-10-05,2017,10,October,1,5,Thursday,Q4,Non-Holiday,Weekday
645,2017-10-06,2017,10,October,1,6,Friday,Q4,Non-Holiday,Weekday
646,2017-10-07,2017,10,October,1,7,Saturday,Q4,Non-Holiday,Weekend
647,2017-10-08,2017,10,October,2,8,Sunday,Q4,Non-Holiday,Weekend
648,2017-10-09,2017,10,October,2,9,Monday,Q4,Non-Holiday,Weekday
649,2017-10-10,2017,10,October,2,10,Tuesday,Q4,Non-Holiday,Weekday
650,2017-10-11,2017,10,October,2,11,Wednesday,Q4,Non-Holiday,Weekday
651,2017-10-12,2017,10,October,2,12,Thursday,Q4,Holiday,Weekday
652,2017-10-13,2017,10,October,2,13,Friday,Q4,Non-Holiday,Weekday
653,2017-10-14,2017,10,October,2,14,Saturday,Q4,Non-Holiday,Weekend
654,2017-10-15,2017,10,October,2,15,Sunday,Q4,Non-Holiday,Weekend
655,2017-10-16,2017,10,October,3,16,Monday,Q4,Non-Holiday,Weekday
656,2017-10-17,2017,10,October,3,17,Tuesday,Q4,Non-Holiday,Weekday
657,2017-10-18,2017,10,October,3,18,Wednesday,Q4,Non-Holiday,Weekday
658,2017-10-19,2017,10,October,3,19,Thursday,Q4,Non-Holiday,Weekday
659,2017-10-20,2017,10,October,3,20,Friday,Q4,Non-Holiday,Weekday
660,2017-10-21,2017,10,October,3,21,Saturday,Q4,Non-Holiday,Weekend
661,2017-10-22,2017,10,October,3,22,Sunday,Q4,Non-Holiday,Weekend
662,2017-10-23,2017,10,October,3,23,Monday,Q4,Non-Holiday,Weekday
663,2017-10-24,2017,10,October,4,24,Tuesday,Q4,Non-Holiday,Weekday
664,2017-10-25,2017,10,October,4,25,Wednesday,Q4,Non-Holiday,Weekday
665,2017-10-26,2017,10,October,4,26,Thursday,Q4,Non-Holiday,Weekday
666,2017-10-27,2017,10,October,4,27,Friday,Q4,Non-Holiday,Weekday
667,2017-10-28,2017,10,October,4,28,Saturday,Q4,Non-Holiday,Weekend
668,2017-10-29,2017,10,October,4,29,Sunday,Q4,Non-Holiday,Weekend
669,2017-10-30,2017,10,October,4,30,Monday,Q4,Non-Holiday,Weekday
670,2017-10-31,2017,10,October,4,31,Tuesday,Q4,Non-Holiday,Weekday
671,2017-11-01,2017,11,November,1,1,Wednesday,Q4,Non-Holiday,Weekday
672,2017-11-02,2017,11,November,1,2,Thursday,Q4,Holiday,Weekday
673,2017-11-03,2017,11,November,1,3,Friday,Q4,Non-Holiday,Weekday
674,2017-11-04,2017,11,November,1,4,Saturday,Q4,Non-Holiday,Weekend
675,2017-11-05,2017,11,November,1,5,Sunday,Q4,Non-Holiday,Weekend
676,2017-11-06,2017,11,November,1,6,Monday,Q4,Non-Holiday,Weekday
677,2017-11-07,2017,11,November,1,7,Tuesday,Q4,Non-Holiday,Weekday
678,2017-11-08,2017,11,November,2,8,Wednesday,Q4,Non-Holiday,Weekday
679,2017-11-09,2017,11,November,2,9,Thursday,Q4,Non-Holiday,Weekday
680,2017-11-10,2017,11,November,2,10,Friday,Q4,Non-Holiday,Weekday
681,2017-11-11,2017,11,November,2,11,Saturday,Q4,Non-Holiday,Weekend
682,2017-11-12,2017,11,November,2,12,Sunday,Q4,Non-Holiday,Weekend
683,2017-11-13,2017,11,November,2,13,Monday,Q4,Non-Holiday,Weekday
684,2017-11-14,2017,11,November,2,14,Tuesday,Q4,Non-Holiday,Weekday
685,2017-11-15,2017,11,November,2,15,Wednesday,Q4,Holiday,Weekday
686,2017-11-16,2017,11,November,3,16,Thursday,Q4,Non-Holiday,Weekday
687,2017-11-17,2017,11,November,3,17,Friday,Q4,Non-Holiday,Weekday
688,2017-11-18,2017,11,November,3,18,Saturday,Q4,Non-Holiday,Weekend
689,2017-11-19,2017,11,November,3,19,Sunday,Q4,Non-Holiday,Weekend
690,2017-11-20,2017,11,November,3,20,Monday,Q4,Non-Holiday,Weekday
691,2017-11-21,2017,11,November,3,21,Tuesday,Q4,Non-Holiday,Weekday
692,2017-11-22,2017,11,November,3,22,Wednesday,Q4,Non-Holiday,Weekday
693,2017-11-23,2017,11,November,3,23,Thursday,Q4,Non-Holiday,Weekday
694,2017-11-24,2017,11,November,4,24,Friday,Q4,Non-Holiday,Weekday
695,2017-11-25,2017,11,November,4,25,Saturday,Q4,Non-Holiday,Weekend
696,2017-11-26,2017,11,November,4,26,Sunday,Q4,Non-Holiday,Weekend
697,2017-11-27,2017,11,November,4,27,Monday,Q4,Non-Holiday,Weekday
698,2017-11-28,2017,11,November,4,28,Tuesday,Q4,Non-Holiday,Weekday
699,2017-11-29,2017,11,November,4,29,Wednesday,Q4,Non-Holiday,Weekday
700,2017-11-30,2017,11,November,4,30,Thursday,Q4,Non-Holiday,Weekday
701,2017-12-01,2017,12,December,1,1,Friday,Q4,Non-Holiday,Weekday
702,2017-12-02,2017,12,December,1,2,Saturday,Q4,Non-Holiday,Weekend
703,2017-12-03,2017,12,December,1,3,Sunday,Q4,Non-Holiday,Weekend
704,2017-12-04,2017,12,December,1,4,Monday,Q4,Non-Holiday,Weekday
705,2017-12-05,2017,12,December,1,5,Tuesday,Q4,Non-Holiday,Weekday
706,2017-12-06,2017,12,December,1,6,Wednesday,Q4,Non-Holiday,Weekday
707,2017-12-07,2017,12,December,1,7,Thursday,Q4,Non-Holiday,Weekday
708,2017-12-08,2017,12,December,2,8,Friday,Q4,Non-Holiday,Weekday
709,2017-12-09,2017,12,December,2,9,Saturday,Q4,Non-Holiday,Weekend
710,2017-12-10,2017,12,December,2,10,Sunday,Q4,Non-Holiday,Weekend
711,2017-12-11,2017,12,December,2,11,Monday,Q4,Non-Holiday,Weekday
712,2017-12-12,2017,12,December,2,12,Tuesday,Q4,Non-Holiday,Weekday
713,2017-12-13,2017,12,December,2,13,Wednesday,Q4,Non-Holiday,Weekday
714,2017-12-14,2017,12,December,2,14,Thursday,Q4,Non-Holiday,Weekday
715,2017-12-15,2017,12,December,2,15,Friday,Q4,Non-Holiday,Weekday
716,2017-12-16,2017,12,December,3,16,Saturday,Q4,Non-Holiday,Weekend
717,2017-12-17,2017,12,December,3,17,Sunday,Q4,Non-Holiday,Weekend
718,2017-12-18,2017,12,December,3,18,Monday,Q4,Non-Holiday,Weekday
719,2017-12-19,2017,12,December,3,19,Tuesday,Q4,Non-Holiday,Weekday
720,2017-12-20,2017,12,December,3,20,Wednesday,Q4,Non-Holiday,Weekday
721,2017-12-21,2017,12,December,3,21,Thursday,Q4,Non-Holiday,Weekday
722,2017-12-22,2017,12,December,3,22,Friday,Q4,Non-Holiday,Weekday
723,2017-12-23,2017,12,December,3,23,Saturday,Q4,Non-Holiday,Weekend
724,2017-12-24,2017,12,December,4,24,Sunday,Q4,Non-Holiday,Weekend
725,2017-12-25,2017,12,December,4,25,Monday,Q4,Holiday,Weekday
726,2017-12-26,2017,12,December,4,26,Tuesday,Q4,Non-Holiday,Weekday
727,2017-12-27,2017,12,December,4,27,Wednesday,Q4,Non-Holiday,Weekday
728,2017-12-28,2017,12,December,4,28,Thursday,Q4,Non-Holiday,Weekday
729,2017-12-29,2017,12,December,4,29,Friday,Q4,Non-Holiday,Weekday
730,2017-12-30,2017,12,December,4,30,Saturday,Q4,Non-Holiday,Weekend
731,2017-12-31,2017,12,December,4,31,Sunday,Q4,Non-Holiday,Weekend
732,2018-01-01,2018,1,January,1,1,Monday,Q1,Holiday,Weekday
733,2018-01-02,2018,1,January,1,2,Tuesday,Q1,Non-Holiday,Weekday
734,2018-01-03,2018,1,January,1,3,Wednesday,Q1,Non-Holiday,Weekday
735,2018-01-04,2018,1,January,1,4,Thursday,Q1,Non-Holiday,Weekday
736,2018-01-05,2018,1,January,1,5,Friday,Q1,Non-Holiday,Weekday
737,2018-01-06,2018,1,January,1,6,Saturday,Q1,Non-Holiday,Weekend
738,2018-01-07,2018,1,January,1,7,Sunday,Q1,Non-Holiday,Weekend
739,2018-01-08,2018,1,January,2,8,Monday,Q1,Non-Holiday,Weekday
740,2018-01-09,2018,1,January,2,9,Tuesday,Q1,Non-Holiday,Weekday
741,2018-01-10,2018,1,January,2,10,Wednesday,Q1,Non-Holiday,Weekday
742,2018-01-11,2018,1,January,2,11,Thursday,Q1,Non-Holiday,Weekday
743,2018-01-12,2018,1,January,2,12,Friday,Q1,Non-Holiday,Weekday
744,2018-01-13,2018,1,January,2,13,Saturday,Q1,Non-Holiday,Weekend
745,2018-01-14,2018,1,January,2,14,Sunday,Q1,Non-Holiday,Weekend
746,2018-01-15,2018,1,January,2,15,Monday,Q1,Non-Holiday,Weekday
747,2018-01-16,2018,1,January,3,16,Tuesday,Q1,Non-Holiday,Weekday
748,2018-01-17,2018,1,January,3,17,Wednesday,Q1,Non-Holiday,Weekday
749,2018-01-18,2018,1,January,3,18,Thursday,Q1,Non-Holiday,Weekday
750,2018-01-19,2018,1,January,3,19,Friday,Q1,Non-Holiday,Weekday
751,2018-01-20,2018,1,January,3,20,Saturday,Q1,Non-Holiday,Weekend
752,2018-01-21,2018,1,January,3,21,Sunday,Q1,Non-Holiday,Weekend
753,2018-01-22,2018,1,January,3,22,Monday,Q1,Non-Holiday,Weekday
754,2018-01-23,2018,1,January,3,23,Tuesday,Q1,Non-Holiday,Weekday
755,2018-01-24,2018,1,January,4,24,Wednesday,Q1,Non-Holiday,Weekday
756,2018-01-25,2018,1,January,4,25,Thursday,Q1,Non-Holiday,Weekday
757,2018-01-26,2018,1,January,4,26,Friday,Q1,Non-Holiday,Weekday
758,2018-01-27,2018,1,January,4,27,Saturday,Q1,Non-Holiday,Weekend
759,2018-01-28,2018,1,January,4,28,Sunday,Q1,Non-Holiday,Weekend
760,2018-01-29,2018,1,January,4,29,Monday,Q1,Non-Holiday,Weekday
761,2018-01-30,2018,1,January,4,30,Tuesday,Q1,Non-Holiday,Weekday
762,2018-01-31,2018,1,January,4,31,Wednesday,Q1,Non-Holiday,Weekday
763,2018-02-01,2018,2,February,1,1,Thursday,Q1,Non-Holiday,Weekday
764,2018-02-02,2018,2,February,1,2,Friday,Q1,Non-Holiday,Weekday
765,2018-02-03,2018,2,February,1,3,Saturday,Q1,Non-Holiday,Weekend
766,2018-02-04,2018,2,February,1,4,Sunday,Q1,Non-Holiday,Weekend
767,2018-02-05,2018,2,February,1,5,Monday,Q1,Non-Holiday,Weekday
768,2018-02-06,2018,2,February,1,6,Tuesday,Q1,Non-Holiday,Weekday
769,2018-02-07,2018,2,February,1,7,Wednesday,Q1,Non-Holiday,Weekday
770,2018-02-08,2018,2,February,2,8,Thursday,Q1,Non-Holiday,Weekday
771,2018-02-09,2018,2,February,2,9,Friday,Q1,Non-Holiday,Weekday
772,2018-02-10,2018,2,February,2,10,Saturday,Q1,Non-Holiday,Weekend
773,2018-02-11,2018,2,February,2,11,Sunday,Q1,Non-Holiday,Weekend
774,2018-02-12,2018,2,February,2,12,Monday,Q1,Non-Holiday,Weekday
775,2018-02-13,2018,2,February,2,13,Tuesday,Q1,Non-Holiday,Weekday
776,2018-02-14,2018,2,February,2,14,Wednesday,Q1,Non-Holiday,Weekday
777,2018-02-15,2018,2,February,2,15,Thursday,Q1,Non-Holiday,Weekday
778,2018-02-16,2018,2,February,3,16,Friday,Q1,Non-Holiday,Weekday
779,2018-02-17,2018,2,February,3,17,Saturday,Q1,Non-Holiday,Weekend
780,2018-02-18,2018,2,February,3,18,Sunday,Q1,Non-Holiday,Weekend
781,2018-02-19,2018,2,February,3,19,Monday,Q1,Non-Holiday,Weekday
782,2018-02-20,2018,2,February,3,20,Tuesday,Q1,Non-Holiday,Weekday
783,2018-02-21,2018,2,February,3,21,Wednesday,Q1,Non-Holiday,Weekday
784,2018-02-22,2018,2,February,3,22,Thursday,Q1,Non-Holiday,Weekday
785,2018-02-23,2018,2,February,3,23,Friday,Q1,Non-Holiday,Weekday
786,2018-02-24,2018,2,February,4,24,Saturday,Q1,Non-Holiday,Weekend
787,2018-02-25,2018,2,February,4,25,Sunday,Q1,Non-Holiday,Weekend
788,2018-02-26,2018,2,February,4,26,Monday,Q1,Non-Holiday,Weekday
789,2018-02-27,2018,2,February,4,27,Tuesday,Q1,Non-Holiday,Weekday
790,2018-02-28,2018,2,February,4,28,Wednesday,Q1,Non-Holiday,Weekday
791,2018-03-01,2018,3,March,1,1,Thursday,Q1,Non-Holiday,Weekday
792,2018-03-02,2018,3,March,1,2,Friday,Q1,Non-Holiday,Weekday
793,2018-03-03,2018,3,March,1,3,Saturday,Q1,Non-Holiday,Weekend
794,2018-03-04,2018,3,March,1,4,Sunday,Q1,Non-Holiday,Weekend
795,2018-03-05,2018,3,March,1,5,Monday,Q1,Non-Holiday,Weekday
796,2018-03-06,2018,3,March,1,6,Tuesday,Q1,Non-Holiday,Weekday
797,2018-03-07,2018,3,March,1,7,Wednesday,Q1,Non-Holiday,Weekday
798,2018-03-08,2018,3,March,2,8,Thursday,Q1,Non-Holiday,Weekday
799,2018-03-09,2018,3,March,2,9,Friday,Q1,Non-Holiday,Weekday
800,2018-03-10,2018,3,March,2,10,Saturday,Q1,Non-Holiday,Weekend
801,2018-03-11,2018,3,March,2,11,Sunday,Q1,Non-Holiday,Weekend
802,2018-03-12,2018,3,March,2,12,Monday,Q1,Non-Holiday,Weekday
803,2018-03-13,2018,3,March,2,13,Tuesday,Q1,Non-Holiday,Weekday
804,2018-03-14,2018,3,March,2,14,Wednesday,Q1,Non-Holiday,Weekday
805,2018-03-15,2018,3,March,2,15,Thursday,Q1,Non-Holiday,Weekday
806,2018-03-16,2018,3,March,3,16,Friday,Q1,Non-Holiday,Weekday
807,2018-03-17,2018,3,March,3,17,Saturday,Q1,Non-Holiday,Weekend
808,2018-03-18,2018,3,March,3,18,Sunday,Q1,Non-Holiday,Weekend
809,2018-03-19,2018,3,March,3,19,Monday,Q1,Non-Holiday,Weekday
810,2018-03-20,2018,3,March,3,20,Tuesday,Q1,Non-Holiday,Weekday
811,2018-03-21,2018,3,March,3,21,Wednesday,Q1,Non-Holiday,Weekday
812,2018-03-22,2018,3,March,3,22,Thursday,Q1,Non-Holiday,Weekday
813,2018-03-23,2018,3,March,3,23,Friday,Q1,Non-Holiday,Weekday
814,2018-03-24,2018,3,March,4,24,Saturday,Q1,Non-Holiday,Weekend
815,2018-03-25,2018,3,March,4,25,Sunday,Q1,Non-Holiday,Weekend
816,2018-03-26,2018,3,March,4,26,Monday,Q1,Non-Holiday,Weekday
817,2018-03-27,2018,3,March,4,27,Tuesday,Q1,Non-Holiday,Weekday
818,2018-03-28,2018,3,March,4,28,Wednesday,Q1,Non-Holiday,Weekday
819,2018-03-29,2018,3,March,4,29,Thursday,Q1,Non-Holiday,Weekday
820,2018-03-30,2018,3,March,4,30,Friday,Q1,Non-Holiday,Weekday
821,2018-03-31,2018,3,March,4,31,Saturday,Q1,Non-Holiday,Weekend
822,2018-04-01,2018,4,April,1,1,Sunday,Q2,Non-Holiday,Weekend
823,2018-04-02,2018,4,April,1,2,Monday,Q2,Non-Holiday,Weekday
824,2018-04-03,2018,4,April,1,3,Tuesday,Q2,Non-Holiday,Weekday
825,2018-04-04,2018,4,April,1,4,Wednesday,Q2,Non-Holiday,Weekday
826,2018-04-05,2018,4,April,1,5,Thursday,Q2,Non-Holiday,Weekday
827,2018-04-06,2018,4,April,1,6,Friday,Q2,Non-Holiday,Weekday
828,2018-04-07,2018,4,April,1,7,Saturday,Q2,Non-Holiday,Weekend
829,2018-04-08,2018,4,April,2,8,Sunday,Q2,Non-Holiday,Weekend
830,2018-04-09,2018,4,April,2,9,Monday,Q2,Non-Holiday,Weekday
831,2018-04-10,2018,4,April,2,10,Tuesday,Q2,Non-Holiday,Weekday
832,2018-04-11,2018,4,April,2,11,Wednesday,Q2,Non-Holiday,Weekday
833,2018-04-12,2018,4,April,2,12,Thursday,Q2,Non-Holiday,Weekday
834,2018-04-13,2018,4,April,2,13,Friday,Q2,Non-Holiday,Weekday
835,2018-04-14,2018,4,April,2,14,Saturday,Q2,Non-Holiday,Weekend
836,2018-04-15,2018,4,April,2,15,Sunday,Q2,Non-Holiday,Weekend
837,2018-04-16,2018,4,April,3,16,Monday,Q2,Non-Holiday,Weekday
838,2018-04-17,2018,4,April,3,17,Tuesday,Q2,Non-Holiday,Weekday
839,2018-04-18,2018,4,April,3,18,Wednesday,Q2,Non-Holiday,Weekday
840,2018-04-19,2018,4,April,3,19,Thursday,Q2,Non-Holiday,Weekday
841,2018-04-20,2018,4,April,3,20,Friday,Q2,Non-Holiday,Weekday
842,2018-04-21,2018,4,April,3,21,Saturday,Q2,Holiday,Weekend
843,2018-04-22,2018,4,April,3,22,Sunday,Q2,Non-Holiday,Weekend
844,2018-04-23,2018,4,April,3,23,Monday,Q2,Non-Holiday,Weekday
845,2018-04-24,2018,4,April,4,24,Tuesday,Q2,Non-Holiday,Weekday
846,2018-04-25,2018,4,April,4,25,Wednesday,Q2,Non-Holiday,Weekday
847,2018-04-26,2018,4,April,4,26,Thursday,Q2,Non-Holiday,Weekday
848,2018-04-27,2018,4,April,4,27,Friday,Q2,Non-Holiday,Weekday
849,2018-04-28,2018,4,April,4,28,Saturday,Q2,Non-Holiday,Weekend
850,2018-04-29,2018,4,April,4,29,Sunday,Q2,Non-Holiday,Weekend
851,2018-04-30,2018,4,April,4,30,Monday,Q2,Non-Holiday,Weekday
852,2018-05-01,2018,5,May,1,1,Tuesday,Q2,Holiday,Weekday
853,2018-05-02,2018,5,May,1,2,Wednesday,Q2,Non-Holiday,Weekday
854,2018-05-03,2018,5,May,1,3,Thursday,Q2,Non-Holiday,Weekday
855,2018-05-04,2018,5,May,1,4,Friday,Q2,Non-Holiday,Weekday
856,2018-05-05,2018,5,May,1,5,Saturday,Q2,Non-Holiday,Weekend
857,2018-05-06,2018,5,May,1,6,Sunday,Q2,Non-Holiday,Weekend
858,2018-05-07,2018,5,May,1,7,Monday,Q2,Non-Holiday,Weekday
859,2018-05-08,2018,5,May,2,8,Tuesday,Q2,Non-Holiday,Weekday
860,2018-05-09,2018,5,May,2,9,Wednesday,Q2,Non-Holiday,Weekday
861,2018-05-10,2018,5,May,2,10,Thursday,Q2,Non-Holiday,Weekday
862,2018-05-11,2018,5,May,2,11,Friday,Q2,Non-Holiday,Weekday
863,2018-05-12,2018,5,May,2,12,Saturday,Q2,Non-Holiday,Weekend
864,2018-05-13,2018,5,May,2,13,Sunday,Q2,Non-Holiday,Weekend
865,2018-05-14,2018,5,May,2,14,Monday,Q2,Non-Holiday,Weekday
866,2018-05-15,2018,5,May,2,15,Tuesday,Q2,Non-Holiday,Weekday
867,2018-05-16,2018,5,May,3,16,Wednesday,Q2,Non-Holiday,Weekday
868,2018-05-17,2018,5,May,3,17,Thursday,Q2,Non-Holiday,Weekday
869,2018-05-18,2018,5,May,3,18,Friday,Q2,Non-Holiday,Weekday
870,2018-05-19,2018,5,May,3,19,Saturday,Q2,Non-Holiday,Weekend
871,2018-05-20,2018,5,May,3,20,Sunday,Q2,Non-Holiday,Weekend
872,2018-05-21,2018,5,May,3,21,Monday,Q2,Non-Holiday,Weekday
873,2018-05-22,2018,5,May,3,22,Tuesday,Q2,Non-Holiday,Weekday
874,2018-05-23,2018,5,May,3,23,Wednesday,Q2,Non-Holiday,Weekday
875,2018-05-24,2018,5,May,4,24,Thursday,Q2,Non-Holiday,Weekday
876,2018-05-25,2018,5,May,4,25,Friday,Q2,Non-Holiday,Weekday
877,2018-05-26,2018,5,May,4,26,Saturday,Q2,Non-Holiday,Weekend
878,2018-05-27,2018,5,May,4,27,Sunday,Q2,Non-Holiday,Weekend
879,2018-05-28,2018,5,May,4,28,Monday,Q2,Non-Holiday,Weekday
880,2018-05-29,2018,5,May,4,29,Tuesday,Q2,Non-Holiday,Weekday
881,2018-05-30,2018,5,May,4,30,Wednesday,Q2,Non-Holiday,Weekday
882,2018-05-31,2018,5,May,4,31,Thursday,Q2,Non-Holiday,Weekday
883,2018-06-01,2018,6,June,1,1,Friday,Q2,Non-Holiday,Weekday
884,2018-06-02,2018,6,June,1,2,Saturday,Q2,Non-Holiday,Weekend
885,2018-06-03,2018,6,June,1,3,Sunday,Q2,Non-Holiday,Weekend
886,2018-06-04,2018,6,June,1,4,Monday,Q2,Non-Holiday,Weekday
887,2018-06-05,2018,6,June,1,5,Tuesday,Q2,Non-Holiday,Weekday
888,2018-06-06,2018,6,June,1,6,Wednesday,Q2,Non-Holiday,Weekday
889,2018-06-07,2018,6,June,1,7,Thursday,Q2,Non-Holiday,Weekday
890,2018-06-08,2018,6,June,2,8,Friday,Q2,Non-Holiday,Weekday
891,2018-06-09,2018,6,June,2,9,Saturday,Q2,Non-Holiday,Weekend
892,2018-06-10,2018,6,June,2,10,Sunday,Q2,Non-Holiday,Weekend
893,2018-06-11,2018,6,June,2,11,Monday,Q2,Non-Holiday,Weekday
894,2018-06-12,2018,6,June,2,12,Tuesday,Q2,Non-Holiday,Weekday
895,2018-06-13,2018,6,June,2,13,Wednesday,Q2,Non-Holiday,Weekday
896,2018-06-14,2018,6,June,2,14,Thursday,Q2,Non-Holiday,Weekday
897,2018-06-15,2018,6,June,2,15,Friday,Q2,Non-Holiday,Weekday
898,2018-06-16,2018,6,June,3,16,Saturday,Q2,Non-Holiday,Weekend
899,2018-06-17,2018,6,June,3,17,Sunday,Q2,Non-Holiday,Weekend
900,2018-06-18,2018,6,June,3,18,Monday,Q2,Non-Holiday,Weekday
901,2018-06-19,2018,6,June,3,19,Tuesday,Q2,Non-Holiday,Weekday
902,2018-06-20,2018,6,June,3,20,Wednesday,Q2,Non-Holiday,Weekday
903,2018-06-21,2018,6,June,3,21,Thursday,Q2,Non-Holiday,Weekday
904,2018-06-22,2018,6,June,3,22,Friday,Q2,Non-Holiday,Weekday
905,2018-06-23,2018,6,June,3,23,Saturday,Q2,Non-Holiday,Weekend
906,2018-06-24,2018,6,June,4,24,Sunday,Q2,Non-Holiday,Weekend
907,2018-06-25,2018,6,June,4,25,Monday,Q2,Non-Holiday,Weekday
908,2018-06-26,2018,6,June,4,26,Tuesday,Q2,Non-Holiday,Weekday
909,2018-06-27,2018,6,June,4,27,Wednesday,Q2,Non-Holiday,Weekday
910,2018-06-28,2018,6,June,4,28,Thursday,Q2,Non-Holiday,Weekday
911,2018-06-29,2018,6,June,4,29,Friday,Q2,Non-Holiday,Weekday
912,2018-06-30,2018,6,June,4,30,Saturday,Q2,Non-Holiday,Weekend
913,2018-07-01,2018,7,July,1,1,Sunday,Q3,Non-Holiday,Weekend
914,2018-07-02,2018,7,July,1,2,Monday,Q3,Non-Holiday,Weekday
915,2018-07-03,2018,7,July,1,3,Tuesday,Q3,Non-Holiday,Weekday
916,2018-07-04,2018,7,July,1,4,Wednesday,Q3,Non-Holiday,Weekday
917,2018-07-05,2018,7,July,1,5,Thursday,Q3,Non-Holiday,Weekday
918,2018-07-06,2018,7,July,1,6,Friday,Q3,Non-Holiday,Weekday
919,2018-07-07,2018,7,July,1,7,Saturday,Q3,Non-Holiday,Weekend
920,2018-07-08,2018,7,July,2,8,Sunday,Q3,Non-Holiday,Weekend
921,2018-07-09,2018,7,July,2,9,Monday,Q3,Non-Holiday,Weekday
922,2018-07-10,2018,7,July,2,10,Tuesday,Q3,Non-Holiday,Weekday
923,2018-07-11,2018,7,July,2,11,Wednesday,Q3,Non-Holiday,Weekday
924,2018-07-12,2018,7,July,2,12,Thursday,Q3,Non-Holiday,Weekday
925,2018-07-13,2018,7,July,2,13,Friday,Q3,Non-Holiday,Weekday
926,2018-07-14,2018,7,July,2,14,Saturday,Q3,Non-Holiday,Weekend
927,2018-07-15,2018,7,July,2,15,Sunday,Q3,Non-Holiday,Weekend
928,2018-07-16,2018,7,July,3,16,Monday,Q3,Non-Holiday,Weekday
929,2018-07-17,2018,7,July,3,17,Tuesday,Q3,Non-Holiday,Weekday
930,2018-07-18,2018,7,July,3,18,Wednesday,Q3,Non-Holiday,Weekday
931,2018-07-19,2018,7,July,3,19,Thursday,Q3,Non-Holiday,Weekday
932,2018-07-20,2018,7,July,3,20,Friday,Q3,Non-Holiday,Weekday
933,2018-07-21,2018,7,July,3,21,Saturday,Q3,Non-Holiday,Weekend
934,2018-07-22,2018,7,July,3,22,Sunday,Q3,Non-Holiday,Weekend
935,2018-07-23,2018,7,July,3,23,Monday,Q3,Non-Holiday,Weekday
936,2018-07-24,2018,7,July,4,24,Tuesday,Q3,Non-Holiday,Weekday
937,2018-07-25,2018,7,July,4,25,Wednesday,Q3,Non-Holiday,Weekday
938,2018-07-26,2018,7,July,4,26,Thursday,Q3,Non-Holiday,Weekday
939,2018-07-27,2018,7,July,4,27,Friday,Q3,Non-Holiday,Weekday
940,2018-07-28,2018,7,July,4,28,Saturday,Q3,Non-Holiday,Weekend
941,2018-07-29,2018,7,July,4,29,Sunday,Q3,Non-Holiday,Weekend
942,2018-07-30,2018,7,July,4,30,Monday,Q3,Non-Holiday,Weekday
943,2018-07-31,2018,7,July,4,31,Tuesday,Q3,Non-Holiday,Weekday
944,2018-08-01,2018,8,August,1,1,Wednesday,Q3,Non-Holiday,Weekday
945,2018-08-02,2018,8,August,1,2,Thursday,Q3,Non-Holiday,Weekday
946,2018-08-03,2018,8,August,1,3,Friday,Q3,Non-Holiday,Weekday
947,2018-08-04,2018,8,August,1,4,Saturday,Q3,Non-Holiday,Weekend
948,2018-08-05,2018,8,August,1,5,Sunday,Q3,Non-Holiday,Weekend
949,2018-08-06,2018,8,August,1,6,Monday,Q3,Non-Holiday,Weekday
950,2018-08-07,2018,8,August,1,7,Tuesday,Q3,Non-Holiday,Weekday
951,2018-08-08,2018,8,August,2,8,Wednesday,Q3,Non-Holiday,Weekday
952,2018-08-09,2018,8,August,2,9,Thursday,Q3,Non-Holiday,Weekday
953,2018-08-10,2018,8,August,2,10,Friday,Q3,Non-Holiday,Weekday
954,2018-08-11,2018,8,August,2,11,Saturday,Q3,Non-Holiday,Weekend
955,2018-08-12,2018,8,August,2,12,Sunday,Q3,Non-Holiday,Weekend
956,2018-08-13,2018,8,August,2,13,Monday,Q3,Non-Holiday,Weekday
957,2018-08-14,2018,8,August,2,14,Tuesday,Q3,Non-Holiday,Weekday
958,2018-08-15,2018,8,August,2,15,Wednesday,Q3,Non-Holiday,Weekday
959,2018-08-16,2018,8,August,3,16,Thursday,Q3,Non-Holiday,Weekday
960,2018-08-17,2018,8,August,3,17,Friday,Q3,Non-Holiday,Weekday
961,2018-08-18,2018,8,August,3,18,Saturday,Q3,Non-Holiday,Weekend
962,2018-08-19,2018,8,August,3,19,Sunday,Q3,Non-Holiday,Weekend
963,2018-08-20,2018,8,August,3,20,Monday,Q3,Non-Holiday,Weekday
964,2018-08-21,2018,8,August,3,21,Tuesday,Q3,Non-Holiday,Weekday
965,2018-08-22,2018,8,August,3,22,Wednesday,Q3,Non-Holiday,Weekday
966,2018-08-23,2018,8,August,3,23,Thursday,Q3,Non-Holiday,Weekday
967,2018-08-24,2018,8,August,4,24,Friday,Q3,Non-Holiday,Weekday
968,2018-08-25,2018,8,August,4,25,Saturday,Q3,Non-Holiday,Weekend
969,2018-08-26,2018,8,August,4,26,Sunday,Q3,Non-Holiday,Weekend
970,2018-08-27,2018,8,August,4,27,Monday,Q3,Non-Holiday,Weekday
971,2018-08-28,2018,8,August,4,28,Tuesday,Q3,Non-Holiday,Weekday
972,2018-08-29,2018,8,August,4,29,Wednesday,Q3,Non-Holiday,Weekday
973,2018-08-30,2018,8,August,4,30,Thursday,Q3,Non-Holiday,Weekday
974,2018-08-31,2018,8,August,4,31,Friday,Q3,Non-Holiday,Weekday
975,2018-09-01,2018,9,September,1,1,Saturday,Q3,Non-Holiday,Weekend
976,2018-09-02,2018,9,September,1,2,Sunday,Q3,Non-Holiday,Weekend
977,2018-09-03,2018,9,September,1,3,Monday,Q3,Non-Holiday,Weekday
978,2018-09-04,2018,9,September,1,4,Tuesday,Q3,Non-Holiday,Weekday
979,2018-09-05,2018,9,September,1,5,Wednesday,Q3,Non-Holiday,Weekday
980,2018-09-06,2018,9,September,1,6,Thursday,Q3,Non-Holiday,Weekday
981,2018-09-07,2018,9,September,1,7,Friday,Q3,Holiday,Weekday
982,2018-09-08,2018,9,September,2,8,Saturday,Q3,Non-Holiday,Weekend
983,2018-09-09,2018,9,September,2,9,Sunday,Q3,Non-Holiday,Weekend
984,2018-09-10,2018,9,September,2,10,Monday,Q3,Non-Holiday,Weekday
985,2018-09-11,2018,9,September,2,11,Tuesday,Q3,Non-Holiday,Weekday
986,2018-09-12,2018,9,September,2,12,Wednesday,Q3,Non-Holiday,Weekday
987,2018-09-13,2018,9,September,2,13,Thursday,Q3,Non-Holiday,Weekday
988,2018-09-14,2018,9,September,2,14,Friday,Q3,Non-Holiday,Weekday
989,2018-09-15,2018,9,September,2,15,Saturday,Q3,Non-Holiday,Weekend
990,2018-09-16,2018,9,September,3,16,Sunday,Q3,Non-Holiday,Weekend
991,2018-09-17,2018,9,September,3,17,Monday,Q3,Non-Holiday,Weekday
992,2018-09-18,2018,9,September,3,18,Tuesday,Q3,Non-Holiday,Weekday
993,2018-09-19,2018,9,September,3,19,Wednesday,Q3,Non-Holiday,Weekday
994,2018-09-20,2018,9,September,3,20,Thursday,Q3,Non-Holiday,Weekday
995,2018-09-21,2018,9,September,3,21,Friday,Q3,Non-Holiday,Weekday
996,2018-09-22,2018,9,September,3,22,Saturday,Q3,Non-Holiday,Weekend
997,2018-09-23,2018,9,September,3,23,Sunday,Q3,Non-Holiday,Weekend
998,2018-09-24,2018,9,September,4,24,Monday,Q3,Non-Holiday,Weekday
999,2018-09-25,2018,9,September,4,25,Tuesday,Q3,Non-Holiday,Weekday
1000,2018-09-26,2018,9,September,4,26,Wednesday,Q3,Non-Holiday,Weekday
1001,2018-09-27,2018,9,September,4,27,Thursday,Q3,Non-Holiday,Weekday
1002,2018-09-28,2018,9,September,4,28,Friday,Q3,Non-Holiday,Weekday
1003,2018-09-29,2018,9,September,4,29,Saturday,Q3,Non-Holiday,Weekend
1004,2018-09-30,2018,9,September,4,30,Sunday,Q3,Non-Holiday,Weekend
1005,2018-10-01,2018,10,October,1,1,Monday,Q4,Non-Holiday,Weekday
1006,2018-10-02,2018,10,October,1,2,Tuesday,Q4,Non-Holiday,Weekday
1007,2018-10-03,2018,10,October,1,3,Wednesday,Q4,Non-Holiday,Weekday
1008,2018-10-04,2018,10,October,1,4,Thursday,Q4,Non-Holiday,Weekday
1009,2018-10-05,2018,10,October,1,5,Friday,Q4,Non-Holiday,Weekday
1010,2018-10-06,2018,10,October,1,6,Saturday,Q4,Non-Holiday,Weekend
1011,2018-10-07,2018,10,October,1,7,Sunday,Q4,Non-Holiday,Weekend
1012,2018-10-08,2018,10,October,2,8,Monday,Q4,Non-Holiday,Weekday
1013,2018-10-09,2018,10,October,2,9,Tuesday,Q4,Non-Holiday,Weekday
1014,2018-10-10,2018,10,October,2,10,Wednesday,Q4,Non-Holiday,Weekday
1015,2018-10-11,2018,10,October,2,11,Thursday,Q4,Non-Holiday,Weekday
1016,2018-10-12,2018,10,October,2,12,Friday,Q4,Holiday,Weekday
1017,2018-10-13,2018,10,October,2,13,Saturday,Q4,Non-Holiday,Weekend
1018,2018-10-14,2018,10,October,2,14,Sunday,Q4,Non-Holiday,Weekend
1019,2018-10-15,2018,10,October,2,15,Monday,Q4,Non-Holiday,Weekday
1020,2018-10-16,2018,10,October,3,16,Tuesday,Q4,Non-Holiday,Weekday
1021,2018-10-17,2018,10,October,3,17,Wednesday,Q4,Non-Holiday,Weekday
1022,2018-10-18,2018,10,October,3,18,Thursday,Q4,Non-Holiday,Weekday
1023,2018-10-19,2018,10,October,3,19,Friday,Q4,Non-Holiday,Weekday
1024,2018-10-20,2018,10,October,3,20,Saturday,Q4,Non-Holiday,Weekend
1025,2018-10-21,2018,10,October,3,21,Sunday,Q4,Non-Holiday,Weekend
1026,2018-10-22,2018,10,October,3,22,Monday,Q4,Non-Holiday,Weekday
1027,2018-10-23,2018,10,October,3,23,Tuesday,Q4,Non-Holiday,Weekday
1028,2018-10-24,2018,10,October,4,24,Wednesday,Q4,Non-Holiday,Weekday
1029,2018-10-25,2018,10,October,4,25,Thursday,Q4,Non-Holiday,Weekday
1030,2018-10-26,2018,10,October,4,26,Friday,Q4,Non-Holiday,Weekday
1031,2018-10-27,2018,10,October,4,27,Saturday,Q4,Non-Holiday,Weekend
1032,2018-10-28,2018,10,October,4,28,Sunday,Q4,Non-Holiday,Weekend
1033,2018-10-29,2018,10,October,4,29,Monday,Q4,Non-Holiday,Weekday
1034,2018-10-30,2018,10,October,4,30,Tuesday,Q4,Non-Holiday,Weekday
1035,2018-10-31,2018,10,October,4,31,Wednesday,Q4,Non-Holiday,Weekday
1036,2018-11-01,2018,11,November,1,1,Thursday,Q4,Non-Holiday,Weekday
1037,2018-11-02,2018,11,November,1,2,Friday,Q4,Holiday,Weekday
1038,2018-11-03,2018,11,November,1,3,Saturday,Q4,Non-Holiday,Weekend
1039,2018-11-04,2018,11,November,1,4,Sunday,Q4,Non-Holiday,Weekend
1040,2018-11-05,2018,11,November,1,5,Monday,Q4,Non-Holiday,Weekday
1041,2018-11-06,2018,11,November,1,6,Tuesday,Q4,Non-Holiday,Weekday
1042,2018-11-07,2018,11,November,1,7,Wednesday,Q4,Non-Holiday,Weekday
1043,2018-11-08,2018,11,November,2,8,Thursday,Q4,Non-Holiday,Weekday
1044,2018-11-09,2018,11,November,2,9,Friday,Q4,Non-Holiday,Weekday
1045,2018-11-10,2018,11,November,2,10,Saturday,Q4,Non-Holiday,Weekend
1046,2018-11-11,2018,11,November,2,11,Sunday,Q4,Non-Holiday,Weekend
1047,2018-11-12,2018,11,November,2,12,Monday,Q4,Non-Holiday,Weekday
1048,2018-11-13,2018,11,November,2,13,Tuesday,Q4,Non-Holiday,Weekday
1049,2018-11-14,2018,11,November,2,14,Wednesday,Q4,Non-Holiday,Weekday
1050,2018-11-15,2018,11,November,2,15,Thursday,Q4,Holiday,Weekday
1051,2018-11-16,2018,11,November,3,16,Friday,Q4,Non-Holiday,Weekday
1052,2018-11-17,2018,11,November,3,17,Saturday,Q4,Non-Holiday,Weekend
1053,2018-11-18,2018,11,November,3,18,Sunday,Q4,Non-Holiday,Weekend
1054,2018-11-19,2018,11,November,3,19,Monday,Q4,Non-Holiday,Weekday
1055,2018-11-20,2018,11,November,3,20,Tuesday,Q4,Non-Holiday,Weekday
1056,2018-11-21,2018,11,November,3,21,Wednesday,Q4,Non-Holiday,Weekday
1057,2018-11-22,2018,11,November,3,22,Thursday,Q4,Non-Holiday,Weekday
1058,2018-11-23,2018,11,November,3,23,Friday,Q4,Non-Holiday,Weekday
1059,2018-11-24,2018,11,November,4,24,Saturday,Q4,Non-Holiday,Weekend
1060,2018-11-25,2018,11,November,4,25,Sunday,Q4,Non-Holiday,Weekend
1061,2018-11-26,2018,11,November,4,26,Monday,Q4,Non-Holiday,Weekday
1062,2018-11-27,2018,11,November,4,27,Tuesday,Q4,Non-Holiday,Weekday
1063,2018-11-28,2018,11,November,4,28,Wednesday,Q4,Non-Holiday,Weekday
1064,2018-11-29,2018,11,November,4,29,Thursday,Q4,Non-Holiday,Weekday
1065,2018-11-30,2018,11,November,4,30,Friday,Q4,Non-Holiday,Weekday
1066,2018-12-01,2018,12,December,1,1,Saturday,Q4,Non-Holiday,Weekend
1067,2018-12-02,2018,12,December,1,2,Sunday,Q4,Non-Holiday,Weekend
1068,2018-12-03,2018,12,December,1,3,Monday,Q4,Non-Holiday,Weekday
1069,2018-12-04,2018,12,December,1,4,Tuesday,Q4,Non-Holiday,Weekday
1070,2018-12-05,2018,12,December,1,5,Wednesday,Q4,Non-Holiday,Weekday
1071,2018-12-06,2018,12,December,1,6,Thursday,Q4,Non-Holiday,Weekday
1072,2018-12-07,2018,12,December,1,7,Friday,Q4,Non-Holiday,Weekday
1073,2018-12-08,2018,12,December,2,8,Saturday,Q4,Non-Holiday,Weekend
1074,2018-12-09,2018,12,December,2,9,Sunday,Q4,Non-Holiday,Weekend
1075,2018-12-10,2018,12,December,2,10,Monday,Q4,Non-Holiday,Weekday
1076,2018-12-11,2018,12,December,2,11,Tuesday,Q4,Non-Holiday,Weekday
1077,2018-12-12,2018,12,December,2,12,Wednesday,Q4,Non-Holiday,Weekday
1078,2018-12-13,2018,12,December,2,13,Thursday,Q4,Non-Holiday,Weekday
1079,2018-12-14,2018,12,December,2,14,Friday,Q4,Non-Holiday,Weekday
1080,2018-12-15,2018,12,December,2,15,Saturday,Q4,Non-Holiday,Weekend
1081,2018-12-16,2018,12,December,3,16,Sunday,Q4,Non-Holiday,Weekend
1082,2018-12-17,2018,12,December,3,17,Monday,Q4,Non-Holiday,Weekday
1083,2018-12-18,2018,12,December,3,18,Tuesday,Q4,Non-Holiday,Weekday
1084,2018-12-19,2018,12,December,3,19,Wednesday,Q4,Non-Holiday,Weekday
1085,2018-12-20,2018,12,December,3,20,Thursday,Q4,Non-Holiday,Weekday
1086,2018-12-21,2018,12,December,3,21,Friday,Q4,Non-Holiday,Weekday
1087,2018-12-22,2018,12,December,3,22,Saturday,Q4,Non-Holiday,Weekend
1088,2018-12-23,2018,12,December,3,23,Sunday,Q4,Non-Holiday,Weekend
1089,2018-12-24,2018,12,December,4,24,Monday,Q4,Non-Holiday,Weekday
1090,2018-12-25,2018,12,December,4,25,Tuesday,Q4,Holiday,Weekday
1091,2018-12-26,2018,12,December,4,26,Wednesday,Q4,Non-Holiday,Weekday
1092,2018-12-27,2018,12,December,4,27,Thursday,Q4,Non-Holiday,Weekday
1093,2018-12-28,2018,12,December,4,28,Friday,Q4,Non-Holiday,Weekday
1094,2018-12-29,2018,12,December,4,29,Saturday,Q4,Non-Holiday,Weekend
1095,2018-12-30,2018,12,December,4,30,Sunday,Q4,Non-Holiday,Weekend
1096,2018-12-31,2018,12,December,4,31,Monday,Q4,Non-Holiday,Weekday
